Timestamp,Longitude,Latitude,Speed,Operatorname,CellID,NetworkMode,RSRP,RSRQ,SNR,CQI,RSSI,DL_bitrate,UL_bitrate,State,NRxRSRP,NRxRSRQ,ServingCell_Lon,ServingCell_Lat,ServingCell_Distance
2017.11.22_07.57.13,-8.512357,51.891689,0,A,0,LTE,-109,-14,-2.0,7,-92,0,0,I,-113.0,-16.0,-8.509472,51.895122,430.00999999999999
2017.11.22_07.57.13,-8.512285,51.891814,0,A,0,LTE,-109,-14,-2.0,7,-92,0,0,I,-113.0,-16.0,-8.509472,51.895122,415.41000000000003
2017.11.22_07.57.13,-8.512285,51.891814,0,A,0,LTE,-109,-14,-2.0,7,-92,0,0,I,-113.0,-16.0,-8.509472,51.895122,415.41000000000003
2017.11.22_07.57.14,-8.512285,51.891814,0,A,0,LTE,-110,-15,-1.0,7,-92,0,0,D,-111.0,-14.0,-8.509472,51.895122,415.41000000000003
2017.11.22_07.57.16,-8.512285,51.891814,0,A,0,LTE,-110,-15,-1.0,7,-92,0,0,I,-111.0,-14.0,-8.509472,51.895122,415.41000000000003
2017.11.22_07.57.17,-8.512285,51.891814,0,A,0,LTE,-110,-11,1.0,7,-92,0,0,I,-112.0,-13.0,-8.509472,51.895122,415.41000000000003
2017.11.22_07.57.18,-8.512285,51.891814,0,A,0,LTE,-110,-11,1.0,7,-92,4430,168,D,-112.0,-13.0,-8.509472,51.895122,415.41000000000003
2017.11.22_07.57.19,-8.512285,51.891814,0,A,0,LTE,-110,-14,0.0,7,-92,13085,248,D,-113.0,-16.0,-8.509472,51.895122,415.41000000000003
2017.11.22_07.57.20,-8.512285,51.891814,0,A,0,LTE,-110,-14,0.0,7,-92,17022,315,D,-113.0,-16.0,-8.509472,51.895122,415.41000000000003
2017.11.22_07.57.21,-8.512285,51.891814,0,A,0,LTE,-109,-14,1.0,7,-92,5446,101,D,-110.0,-16.0,-8.509472,51.895122,415.41000000000003
2017.11.22_07.57.22,-8.512285,51.891814,0,A,0,LTE,-109,-14,1.0,7,-92,2728,97,D,-110.0,-16.0,-8.509472,51.895122,415.41000000000003
2017.11.22_07.57.23,-8.512285,51.891814,0,A,0,LTE,-105,-13,-1.0,5,-88,9752,262,D,-110.0,-16.0,-8.485732,51.897244,1919.49
2017.11.22_07.57.24,-8.512285,51.891814,0,A,0,LTE,-105,-13,-1.0,7,-88,19001,353,D,-,-,-8.485732,51.897244,1919.49
2017.11.22_07.57.25,-8.512285,51.891814,0,A,0,LTE,-105,-15,-2.0,6,-85,25410,472,D,-106.0,-18.0,-8.485732,51.897244,1919.49
2017.11.22_07.57.27,-8.512285,51.891814,0,A,0,LTE,-105,-15,-2.0,6,-,26964,504,D,-106.0,-18.0,-8.485732,51.897244,1919.49
2017.11.22_07.57.28,-8.512285,51.891814,0,A,0,LTE,-105,-13,-1.0,6,-,19717,425,D,-104.0,-11.0,-8.485732,51.897244,1919.49
2017.11.22_07.57.29,-8.512285,51.891814,0,A,0,LTE,-105,-13,-1.0,2,-84,20287,377,D,-104.0,-11.0,-8.485732,51.897244,1919.49
2017.11.22_07.57.30,-8.512285,51.891814,0,A,0,LTE,-99,-13,1.0,8,-82,17145,312,D,-104.0,-11.0,-8.509472,51.895122,415.41000000000003
2017.11.22_07.57.31,-8.512285,51.891814,0,A,0,LTE,-99,-13,1.0,8,-82,25577,521,D,-,-,-8.509472,51.895122,415.41000000000003
2017.11.22_07.57.32,-8.512285,51.891814,0,A,0,LTE,-100,-14,4.0,8,-82,21450,400,D,-106.0,-16.0,-8.509472,51.895122,415.41000000000003
2017.11.22_07.57.33,-8.512285,51.891814,0,A,0,LTE,-100,-14,4.0,8,-82,21819,388,D,-106.0,-16.0,-8.509472,51.895122,415.41000000000003
2017.11.22_07.57.34,-8.512285,51.891814,0,A,0,LTE,-100,-14,3.0,9,-84,24582,457,D,-106.0,-14.0,-8.509472,51.895122,415.41000000000003
2017.11.22_07.57.35,-8.512285,51.891814,0,A,0,LTE,-100,-14,3.0,9,-84,19706,370,D,-106.0,-14.0,-8.509472,51.895122,415.41000000000003
2017.11.22_07.57.37,-8.512285,51.891814,0,A,0,LTE,-103,-14,2.0,6,-86,8924,165,D,-106.0,-18.0,-8.509472,51.895122,415.41000000000003
2017.11.22_07.57.38,-8.512285,51.891814,0,A,0,LTE,-103,-14,2.0,6,-86,14528,270,D,-106.0,-18.0,-8.509472,51.895122,415.41000000000003
2017.11.22_07.57.39,-8.512285,51.891814,0,A,0,LTE,-104,-14,0.0,6,-86,22479,416,D,-,-,-8.509472,51.895122,415.41000000000003
2017.11.22_07.57.40,-8.512285,51.891814,0,A,0,LTE,-104,-14,0.0,6,-86,15568,389,D,-,-,-8.509472,51.895122,415.41000000000003
2017.11.22_07.57.41,-8.512285,51.891814,0,A,0,LTE,-104,-13,2.0,6,-84,21316,400,D,-,-,-8.509472,51.895122,415.41000000000003
2017.11.22_07.57.42,-8.512285,51.891814,0,A,0,LTE,-104,-13,1.0,7,-86,20690,385,D,-,-,-8.509472,51.895122,415.41000000000003
2017.11.22_07.57.43,-8.512285,51.891814,0,A,0,LTE,-103,-13,2.0,7,-86,20880,388,D,-,-,-8.509472,51.895122,415.41000000000003
2017.11.22_07.57.44,-8.512171,51.891758,2,A,0,LTE,-103,-13,2.0,7,-86,20880,388,D,-,-,-8.509472,51.895122,417.39999999999998
2017.11.22_07.57.44,-8.512171,51.891758,2,A,0,LTE,-103,-13,2.0,7,-86,18162,375,D,-,-,-8.509472,51.895122,417.39999999999998
2017.11.22_07.57.45,-8.512171,51.891758,2,A,0,LTE,-104,-14,2.0,7,-86,17077,328,D,-,-,-8.509472,51.895122,417.39999999999998
2017.11.22_07.57.47,-8.512171,51.891758,2,A,0,LTE,-104,-14,2.0,7,-86,16429,343,D,-,-,-8.509472,51.895122,417.39999999999998
2017.11.22_07.57.48,-8.512171,51.891758,2,A,0,LTE,-101,-14,2.0,6,-84,11955,257,D,-,-,-8.509472,51.895122,417.39999999999998
2017.11.22_07.57.49,-8.512171,51.891758,2,A,0,LTE,-101,-14,2.0,6,-84,6911,132,D,-,-,-8.509472,51.895122,417.39999999999998
2017.11.22_07.57.50,-8.512171,51.891758,2,A,0,LTE,-100,-14,3.0,6,-84,8846,164,D,-,-,-8.509472,51.895122,417.39999999999998
2017.11.22_07.57.51,-8.512171,51.891758,2,A,0,LTE,-100,-14,3.0,7,-82,13610,253,D,-,-,-8.509472,51.895122,417.39999999999998
2017.11.22_07.57.52,-8.512171,51.891758,2,A,0,LTE,-99,-14,3.0,7,-82,14740,277,D,-,-,-8.509472,51.895122,417.39999999999998
2017.11.22_07.57.53,-8.51202,51.891764,2,A,0,LTE,-99,-14,3.0,7,-82,14740,277,D,-,-,-8.509472,51.895122,412.30000000000001
2017.11.22_07.57.53,-8.51202,51.891764,2,A,0,LTE,-99,-14,3.0,7,-85,7940,148,D,-,-,-8.509472,51.895122,412.30000000000001
2017.11.22_07.57.54,-8.51202,51.891764,2,A,0,LTE,-102,-14,4.0,7,-85,10143,222,D,-,-,-8.509472,51.895122,412.30000000000001
2017.11.22_07.57.56,-8.51202,51.891764,2,A,0,LTE,-102,-14,4.0,7,-83,10166,186,D,-,-,-8.509472,51.895122,412.30000000000001
2017.11.22_07.57.57,-8.51202,51.891764,2,A,0,LTE,-101,-14,4.0,7,-83,9797,182,D,-,-,-8.509472,51.895122,412.30000000000001
2017.11.22_07.57.58,-8.51202,51.891764,2,A,0,LTE,-101,-14,4.0,7,-83,16899,313,D,-,-,-8.509472,51.895122,412.30000000000001
2017.11.22_07.57.59,-8.51202,51.891764,2,A,0,LTE,-101,-13,5.0,7,-83,17983,334,D,-,-,-8.509472,51.895122,412.30000000000001
2017.11.22_07.58.00,-8.51202,51.891764,2,A,0,LTE,-101,-13,5.0,7,-83,15389,285,D,-,-,-8.509472,51.895122,412.30000000000001
2017.11.22_07.58.01,-8.51202,51.891764,2,A,0,LTE,-100,-13,4.0,6,-85,17905,319,D,-,-,-8.509472,51.895122,412.30000000000001
2017.11.22_07.58.02,-8.511862,51.891749,2,A,0,LTE,-100,-13,4.0,6,-85,17905,319,D,-,-,-8.509472,51.895122,409.35000000000002
2017.11.22_07.58.02,-8.511862,51.891749,2,A,0,LTE,-100,-13,4.0,6,-85,20209,375,D,-,-,-8.509472,51.895122,409.35000000000002
2017.11.22_07.58.03,-8.511862,51.891749,2,A,0,LTE,-101,-13,3.0,6,-85,22121,411,D,-,-,-8.509472,51.895122,409.35000000000002
2017.11.22_07.58.04,-8.511862,51.891749,2,A,0,LTE,-101,-13,3.0,6,-85,4339,81,D,-,-,-8.509472,51.895122,409.35000000000002
2017.11.22_07.58.05,-8.511862,51.891749,2,A,0,LTE,-101,-14,2.0,6,-85,23553,437,D,-,-,-8.509472,51.895122,409.35000000000002
2017.11.22_07.58.07,-8.511862,51.891749,2,A,0,LTE,-101,-14,2.0,6,-85,26796,501,D,-,-,-8.509472,51.895122,409.35000000000002
2017.11.22_07.58.08,-8.511862,51.891749,2,A,0,LTE,-100,-13,3.0,10,-83,17726,329,D,-,-,-8.509472,51.895122,409.35000000000002
2017.11.22_07.58.09,-8.511862,51.891749,2,A,0,LTE,-100,-13,3.0,10,-83,20511,385,D,-,-,-8.509472,51.895122,409.35000000000002
2017.11.22_07.58.10,-8.511709,51.891756,2,A,0,LTE,-99,-14,2.0,10,-83,18949,373,D,-,-,-8.509472,51.895122,404.54000000000002
2017.11.22_07.58.10,-8.511709,51.891756,2,A,0,LTE,-99,-14,2.0,10,-83,18949,373,D,-105.0,-20.0,-8.509472,51.895122,404.54000000000002
2017.11.22_07.58.11,-8.511709,51.891756,2,A,0,LTE,-99,-14,2.0,10,-83,19046,723,D,-105.0,-20.0,-8.509472,51.895122,404.54000000000002
2017.11.22_07.58.12,-8.511709,51.891756,2,A,0,LTE,-99,-14,1.0,10,-83,23654,597,D,-,-,-8.509472,51.895122,404.54000000000002
2017.11.22_07.58.13,-8.511709,51.891756,2,A,0,LTE,-99,-14,1.0,10,-83,25477,793,D,-,-,-8.509472,51.895122,404.54000000000002
2017.11.22_07.58.14,-8.511709,51.891756,2,A,0,LTE,-99,-14,2.0,10,-83,21003,470,D,-,-,-8.509472,51.895122,404.54000000000002
2017.11.22_07.58.15,-8.511709,51.891756,2,A,0,LTE,-99,-14,2.0,10,-83,19057,352,D,-,-,-8.509472,51.895122,404.54000000000002
2017.11.22_07.58.16,-8.511709,51.891756,2,A,0,LTE,-99,-14,2.0,10,-83,22121,441,D,-,-,-8.509472,51.895122,404.54000000000002
2017.11.22_07.58.18,-8.511709,51.891756,2,A,0,LTE,-99,-14,2.0,6,-81,20008,427,D,-,-,-8.509472,51.895122,404.54000000000002
2017.11.22_07.58.19,-8.511709,51.891756,2,A,0,LTE,-98,-14,1.0,6,-81,23117,419,D,-,-,-8.509472,51.895122,404.54000000000002
2017.11.22_07.58.19,-8.51156,51.89177,2,A,0,LTE,-98,-14,1.0,6,-81,23117,419,D,-,-,-8.509472,51.895122,399.31999999999999
2017.11.22_07.58.20,-8.51156,51.89177,2,A,0,LTE,-98,-14,1.0,6,-81,7001,131,D,-,-,-8.509472,51.895122,399.31999999999999
2017.11.22_07.58.21,-8.51156,51.89177,2,A,0,LTE,-100,-14,1.0,6,-83,20343,425,D,-,-,-8.509472,51.895122,399.31999999999999
2017.11.22_07.58.22,-8.51156,51.89177,2,A,0,LTE,-100,-14,1.0,6,-83,17022,313,D,-,-,-8.509472,51.895122,399.31999999999999
2017.11.22_07.58.23,-8.51156,51.89177,2,A,0,LTE,-99,-14,1.0,6,-83,17614,326,D,-,-,-8.509472,51.895122,399.31999999999999
2017.11.22_07.58.24,-8.51156,51.89177,2,A,0,LTE,-99,-14,1.0,6,-83,22960,422,D,-,-,-8.509472,51.895122,399.31999999999999
2017.11.22_07.58.25,-8.51156,51.89177,2,A,0,LTE,-101,-14,1.0,6,-83,13308,246,D,-,-,-8.509472,51.895122,399.31999999999999
2017.11.22_07.58.26,-8.51156,51.89177,2,A,0,LTE,-101,-14,1.0,6,-85,23754,434,D,-,-,-8.509472,51.895122,399.31999999999999
2017.11.22_07.58.27,-8.511414,51.891755,2,A,0,LTE,-101,-14,1.0,6,-85,23754,434,D,-,-,-8.509472,51.895122,397.39999999999998
2017.11.22_07.58.28,-8.511414,51.891755,2,A,0,LTE,-102,-14,1.0,6,-85,23687,447,D,-,-,-8.509472,51.895122,397.39999999999998
2017.11.22_07.58.29,-8.511414,51.891755,2,A,0,LTE,-102,-14,1.0,6,-85,22938,809,D,-,-,-8.509472,51.895122,397.39999999999998
2017.11.22_07.58.30,-8.511414,51.891755,2,A,0,LTE,-104,-15,1.0,9,-87,20712,502,D,-,-,-8.509472,51.895122,397.39999999999998
2017.11.22_07.58.31,-8.511414,51.891755,2,A,0,LTE,-104,-15,1.0,9,-87,17525,324,D,-,-,-8.509472,51.895122,397.39999999999998
2017.11.22_07.58.32,-8.511414,51.891755,2,A,0,LTE,-102,-14,-1.0,9,-85,21417,399,D,-,-,-8.509472,51.895122,397.39999999999998
2017.11.22_07.58.33,-8.511414,51.891755,2,A,0,LTE,-102,-14,-1.0,9,-85,19538,361,D,-,-,-8.509472,51.895122,397.39999999999998
2017.11.22_07.58.34,-8.511414,51.891755,2,A,0,LTE,-102,-14,0.0,8,-88,3131,143,D,-,-,-8.509472,51.895122,397.39999999999998
2017.11.22_07.58.35,-8.511414,51.891755,2,A,0,LTE,-102,-14,0.0,8,-86,21059,386,D,-,-,-8.509472,51.895122,397.39999999999998
2017.11.22_07.58.36,-8.511255,51.891735,2,A,0,LTE,-102,-14,0.0,8,-86,21059,386,D,-,-,-8.509472,51.895122,395.99000000000001
2017.11.22_07.58.36,-8.511255,51.891735,2,A,0,LTE,-103,-15,0.0,8,-86,19158,469,D,-,-,-8.509472,51.895122,395.99000000000001
2017.11.22_07.58.38,-8.511255,51.891735,2,A,0,LTE,-103,-15,0.0,8,-86,12816,298,D,-,-,-8.509472,51.895122,395.99000000000001
2017.11.22_07.58.39,-8.511255,51.891735,2,A,0,LTE,-103,-14,0.0,8,-86,8868,163,D,-108.0,-19.0,-8.509472,51.895122,395.99000000000001
2017.11.22_07.58.40,-8.511255,51.891735,2,A,0,LTE,-103,-14,0.0,8,-86,4585,88,D,-108.0,-19.0,-8.509472,51.895122,395.99000000000001
2017.11.22_07.58.41,-8.511255,51.891735,2,A,0,LTE,-103,-15,0.0,8,-86,6800,188,D,-,-,-8.509472,51.895122,395.99000000000001
2017.11.22_07.58.42,-8.511255,51.891735,2,A,0,LTE,-103,-15,1.0,6,-84,12056,222,D,-,-,-8.509472,51.895122,395.99000000000001
2017.11.22_07.58.43,-8.511255,51.891735,2,A,0,LTE,-101,-14,1.0,6,-84,6576,121,D,-,-,-8.509472,51.895122,395.99000000000001
2017.11.22_07.58.44,-8.511105,51.891725,2,A,0,LTE,-101,-14,1.0,6,-84,6576,121,D,-,-,-8.509472,51.895122,394.0
2017.11.22_07.58.44,-8.511105,51.891725,2,A,0,LTE,-101,-14,1.0,6,-84,8924,164,D,-,-,-8.509472,51.895122,394.0
2017.11.22_07.58.45,-8.511105,51.891725,2,A,0,LTE,-101,-14,1.0,6,-84,5424,101,D,-,-,-8.509472,51.895122,394.0
2017.11.22_07.58.46,-8.511105,51.891725,2,A,0,LTE,-101,-14,1.0,8,-86,11832,217,D,-,-,-8.509472,51.895122,394.0
2017.11.22_07.58.48,-8.511105,51.891725,2,A,0,LTE,-102,-14,1.0,8,-86,11128,206,D,-107.0,-19.0,-8.509472,51.895122,394.0
2017.11.22_07.58.49,-8.511105,51.891725,2,A,0,LTE,-102,-14,1.0,8,-86,9260,171,D,-107.0,-19.0,-8.509472,51.895122,394.0
2017.11.22_07.58.50,-8.511105,51.891725,2,A,0,LTE,-104,-12,1.0,8,-86,7168,197,D,-107.0,-17.0,-8.509472,51.895122,394.0
2017.11.22_07.58.51,-8.510962,51.891699,3,A,0,LTE,-104,-12,0.0,8,-89,7168,197,D,-107.0,-17.0,-8.509472,51.895122,394.11000000000001
2017.11.22_07.58.51,-8.510962,51.891699,3,A,0,LTE,-104,-12,1.0,8,-89,7113,130,D,-107.0,-17.0,-8.509472,51.895122,394.11000000000001
2017.11.22_07.58.52,-8.510962,51.891699,3,A,0,LTE,-105,-15,-2.0,6,-87,13286,246,D,-108.0,-18.0,-8.509472,51.895122,394.11000000000001
2017.11.22_07.58.53,-8.510962,51.891699,3,A,0,LTE,-105,-15,-2.0,6,-87,5032,97,D,-108.0,-18.0,-8.509472,51.895122,394.11000000000001
2017.11.22_07.58.54,-8.510962,51.891699,3,A,0,LTE,-104,-15,-2.0,6,-87,5312,98,D,-105.0,-16.0,-8.509472,51.895122,394.11000000000001
2017.11.22_07.58.55,-8.510962,51.891699,3,A,0,LTE,-104,-15,-2.0,6,-87,7884,146,D,-105.0,-16.0,-8.509472,51.895122,394.11000000000001
2017.11.22_07.58.57,-8.510962,51.891699,3,A,0,LTE,-105,-16,-4.0,6,-87,7448,138,D,-103.0,-16.0,-8.509472,51.895122,394.11000000000001
2017.11.22_07.58.58,-8.510962,51.891699,3,A,0,LTE,-105,-16,-4.0,6,-87,7079,131,D,-103.0,-16.0,-8.509472,51.895122,394.11000000000001
2017.11.22_07.58.58,-8.510793,51.891688,3,A,0,LTE,-105,-16,-4.0,6,-87,7079,131,D,-103.0,-16.0,-8.509472,51.895122,392.45999999999998
2017.11.22_07.58.59,-8.510793,51.891688,3,A,0,LTE,-103,-14,-3.0,6,-87,3724,73,D,-104.0,-14.0,-8.509472,51.895122,392.45999999999998
2017.11.22_07.59.00,-8.510793,51.891688,3,A,0,LTE,-103,-14,-3.0,6,-87,5424,100,D,-104.0,-14.0,-8.509472,51.895122,392.45999999999998
2017.11.22_07.59.01,-8.510793,51.891688,3,A,0,LTE,-105,-17,-5.0,5,-89,8589,163,D,-103.0,-15.0,-8.509472,51.895122,392.45999999999998
2017.11.22_07.59.02,-8.510793,51.891688,3,A,0,LTE,-105,-17,-5.0,5,-89,6341,117,D,-103.0,-15.0,-8.509472,51.895122,392.45999999999998
2017.11.22_07.59.03,-8.510793,51.891688,3,A,0,LTE,-105,-17,-7.0,5,-89,7146,136,D,-103.0,-16.0,-8.509472,51.895122,392.45999999999998
2017.11.22_07.59.04,-8.510793,51.891688,3,A,0,LTE,-105,-17,-7.0,5,-89,5513,104,D,-103.0,-16.0,-8.509472,51.895122,392.45999999999998
2017.11.22_07.59.05,-8.510635,51.891655,2,A,0,LTE,-105,-17,-8.0,4,-87,5513,104,D,-103.0,-16.0,-8.509472,51.895122,393.69
2017.11.22_07.59.06,-8.510635,51.891655,2,A,0,LTE,-104,-19,-8.0,4,-87,5647,268,D,-103.0,-16.0,-8.509472,51.895122,393.69
2017.11.22_07.59.07,-8.510635,51.891655,2,A,0,LTE,-104,-19,-8.0,2,-85,2851,159,D,-103.0,-16.0,-8.509472,51.895122,393.69
2017.11.22_07.59.08,-8.510635,51.891655,2,A,0,LTE,-102,-15,-8.0,6,-82,5143,304,D,-103.0,-16.0,-8.504391,51.891686,428.5
2017.11.22_07.59.09,-8.510635,51.891655,2,A,0,LTE,-102,-15,-8.0,6,-80,4999,258,D,-105.0,-19.0,-8.504391,51.891686,428.5
2017.11.22_07.59.10,-8.510635,51.891655,2,A,0,LTE,-97,-13,-1.0,6,-80,5949,340,D,-105.0,-20.0,-8.504391,51.891686,428.5
2017.11.22_07.59.11,-8.510635,51.891655,2,A,0,LTE,-97,-13,-1.0,10,-82,2594,148,D,-105.0,-20.0,-8.504391,51.891686,428.5
2017.11.22_07.59.12,-8.510489,51.891618,4,A,0,LTE,-97,-13,-1.0,10,-82,2594,148,D,-105.0,-20.0,-8.504391,51.891686,418.54000000000002
2017.11.22_07.59.12,-8.510489,51.891618,4,A,0,LTE,-99,-14,1.0,10,-82,4630,218,D,-104.0,-17.0,-8.504391,51.891686,418.54000000000002
2017.11.22_07.59.13,-8.510489,51.891618,4,A,0,LTE,-99,-14,1.0,10,-82,7895,143,D,-104.0,-17.0,-8.504391,51.891686,418.54000000000002
2017.11.22_07.59.15,-8.510489,51.891618,4,A,0,LTE,-100,-12,3.0,8,-85,7482,130,D,-105.0,-19.0,-8.504391,51.891686,418.54000000000002
2017.11.22_07.59.16,-8.510489,51.891618,4,A,0,LTE,-100,-12,3.0,9,-80,6878,277,D,-105.0,-19.0,-8.504391,51.891686,418.54000000000002
2017.11.22_07.59.17,-8.510489,51.891618,4,A,0,LTE,-97,-13,2.0,8,-82,4652,86,D,-106.0,-19.0,-8.504391,51.891686,418.54000000000002
2017.11.22_07.59.18,-8.510349,51.891575,4,A,0,LTE,-97,-13,3.0,7,-85,4652,86,D,-106.0,-19.0,-8.504391,51.891686,409.05000000000001
2017.11.22_07.59.18,-8.510349,51.891575,4,A,0,LTE,-97,-13,2.0,7,-85,3903,120,D,-106.0,-19.0,-8.504391,51.891686,409.05000000000001
2017.11.22_07.59.19,-8.510349,51.891575,4,A,0,LTE,-102,-13,3.0,7,-85,5480,145,D,-,-,-8.504391,51.891686,409.05000000000001
2017.11.22_07.59.20,-8.510349,51.891575,4,A,0,LTE,-102,-13,3.0,8,-82,1051,20,D,-,-,-8.504391,51.891686,409.05000000000001
2017.11.22_07.59.21,-8.510349,51.891575,4,A,0,LTE,-99,-13,2.0,8,-82,4037,76,D,-,-,-8.504391,51.891686,409.05000000000001
2017.11.22_07.59.22,-8.510349,51.891575,4,A,0,LTE,-99,-13,2.0,8,-82,4920,124,D,-,-,-8.504391,51.891686,409.05000000000001
2017.11.22_07.59.23,-8.510349,51.891575,4,A,0,LTE,-99,-13,0.0,7,-80,3097,56,D,-102.0,-18.0,-8.504391,51.891686,409.05000000000001
2017.11.22_07.59.25,-8.510349,51.891575,4,A,0,LTE,-99,-13,0.0,6,-82,4831,110,D,-102.0,-18.0,-8.504391,51.891686,409.05000000000001
2017.11.22_07.59.25,-8.5102,51.891532,3,A,0,LTE,-99,-13,0.0,6,-82,4831,110,D,-102.0,-18.0,-8.504391,51.891686,399.0
2017.11.22_07.59.26,-8.5102,51.891532,3,A,0,LTE,-99,-13,3.0,6,-82,6788,143,D,-100.0,-17.0,-8.504391,51.891686,399.0
2017.11.22_07.59.27,-8.5102,51.891532,3,A,0,LTE,-99,-13,3.0,6,-82,6945,129,D,-100.0,-17.0,-8.504391,51.891686,399.0
2017.11.22_07.59.28,-8.5102,51.891532,3,A,0,LTE,-99,-13,2.0,8,-79,9562,210,D,-100.0,-17.0,-8.504391,51.891686,399.0
2017.11.22_07.59.29,-8.5102,51.891532,3,A,0,LTE,-99,-13,2.0,8,-79,9886,217,D,-100.0,-17.0,-8.504391,51.891686,399.0
2017.11.22_07.59.30,-8.5102,51.891532,3,A,0,LTE,-95,-13,3.0,6,-85,1062,23,D,-102.0,-15.0,-8.504391,51.891686,399.0
2017.11.22_07.59.31,-8.5102,51.891532,3,A,0,LTE,-95,-13,3.0,7,-82,4515,136,D,-102.0,-15.0,-8.504391,51.891686,399.0
2017.11.22_07.59.32,-8.510041,51.891506,4,A,0,LTE,-95,-13,-2.0,5,-87,4515,136,D,-102.0,-15.0,-8.504391,51.891686,388.24000000000001
2017.11.22_07.59.32,-8.510041,51.891506,4,A,0,LTE,-101,-15,-7.0,2,-84,2796,79,D,-102.0,-15.0,-8.485732,51.897244,1785.9400000000001
2017.11.22_07.59.34,-8.510041,51.891506,4,A,0,LTE,-101,-15,-7.0,2,-84,7895,145,D,-99.0,-12.0,-8.485732,51.897244,1785.9400000000001
2017.11.22_07.59.35,-8.510041,51.891506,4,A,0,LTE,-100,-14,-5.0,2,-84,5614,105,D,-99.0,-13.0,-8.485732,51.897244,1785.9400000000001
2017.11.22_07.59.36,-8.510041,51.891506,4,A,0,LTE,-100,-14,-5.0,2,-84,5513,101,D,-99.0,-13.0,-8.485732,51.897244,1785.9400000000001
2017.11.22_07.59.37,-8.510041,51.891506,4,A,0,LTE,-100,-16,-3.0,2,-84,7448,137,D,-102.0,-17.0,-8.485732,51.897244,1785.9400000000001
2017.11.22_07.59.38,-8.510041,51.891506,4,A,0,LTE,-100,-16,-3.0,2,-84,8186,151,D,-102.0,-17.0,-8.485732,51.897244,1785.9400000000001
2017.11.22_07.59.39,-8.509895,51.891481,4,A,0,LTE,-100,-16,-3.0,2,-84,8186,151,D,-102.0,-17.0,-8.485732,51.897244,1777.5899999999999
2017.11.22_07.59.39,-8.509895,51.891481,4,A,0,LTE,-101,-16,-3.0,2,-84,9126,169,D,-101.0,-17.0,-8.485732,51.897244,1777.5899999999999
2017.11.22_07.59.40,-8.509895,51.891481,4,A,0,LTE,-101,-16,-3.0,2,-84,2337,44,D,-101.0,-17.0,-8.485732,51.897244,1777.5899999999999
2017.11.22_07.59.41,-8.509895,51.891481,4,A,0,LTE,-102,-16,-5.0,2,-84,8522,193,D,-101.0,-15.0,-8.485732,51.897244,1777.5899999999999
2017.11.22_07.59.43,-8.509895,51.891481,4,A,0,LTE,-102,-16,-5.0,7,-81,7414,137,D,-101.0,-15.0,-8.485732,51.897244,1777.5899999999999
2017.11.22_07.59.44,-8.509895,51.891481,4,A,0,LTE,-97,-16,-4.0,7,-81,5938,110,D,-97.0,-15.0,-8.485732,51.897244,1777.5899999999999
2017.11.22_07.59.45,-8.509895,51.891481,4,A,0,LTE,-97,-16,-4.0,9,-75,16474,301,D,-97.0,-15.0,-8.485732,51.897244,1777.5899999999999
2017.11.22_07.59.46,-8.50975,51.891461,3,A,0,LTE,-97,-16,-4.0,9,-75,16474,301,D,-97.0,-15.0,-8.485732,51.897244,1769.1199999999999
2017.11.22_07.59.46,-8.50975,51.891461,3,A,0,LTE,-91,-10,1.0,9,-75,19325,346,D,-95.0,-15.0,-8.485732,51.897244,1769.1199999999999
2017.11.22_07.59.47,-8.50975,51.891461,3,A,0,LTE,-91,-10,1.0,6,-79,16496,347,D,-95.0,-15.0,-8.485732,51.897244,1769.1199999999999
2017.11.22_07.59.48,-8.50975,51.891461,3,A,0,LTE,-99,-15,-2.0,6,-82,13029,240,D,-100.0,-19.0,-8.485732,51.897244,1769.1199999999999
2017.11.22_07.59.49,-8.50975,51.891461,3,A,0,LTE,-99,-15,-2.0,6,-82,11877,222,D,-100.0,-19.0,-8.485732,51.897244,1769.1199999999999
2017.11.22_07.59.50,-8.50975,51.891461,3,A,0,LTE,-98,-17,-4.0,6,-82,9059,165,D,-99.0,-16.0,-8.485732,51.897244,1769.1199999999999
2017.11.22_07.59.52,-8.50975,51.891461,3,A,0,LTE,-98,-17,-4.0,6,-82,13666,251,D,-99.0,-16.0,-8.485732,51.897244,1769.1199999999999
2017.11.22_07.59.53,-8.50975,51.891461,3,A,0,LTE,-100,-19,-5.0,6,-82,5334,99,D,-96.0,-14.0,-8.485732,51.897244,1769.1199999999999
2017.11.22_07.59.54,-8.50975,51.891461,3,A,0,LTE,-100,-19,-5.0,6,-82,8197,151,D,-96.0,-14.0,-8.485732,51.897244,1769.1199999999999
2017.11.22_07.59.54,-8.5096,51.891433,3,A,0,LTE,-100,-19,-5.0,6,-82,8197,151,D,-96.0,-14.0,-8.485732,51.897244,1760.6700000000001
2017.11.22_07.59.55,-8.5096,51.891433,3,A,0,LTE,-98,-13,-8.0,6,-82,8466,156,D,-96.0,-14.0,-8.509472,51.895122,410.29000000000002
2017.11.22_07.59.56,-8.5096,51.891433,3,A,0,LTE,-98,-13,-8.0,6,-82,6811,127,D,-,-,-8.509472,51.895122,410.29000000000002
2017.11.22_07.59.57,-8.5096,51.891433,3,A,0,LTE,-99,-13,-2.0,7,-84,5636,186,D,-,-,-8.509472,51.895122,410.29000000000002
2017.11.22_07.59.58,-8.5096,51.891433,3,A,0,LTE,-99,-13,-2.0,7,-84,6710,124,D,-,-,-8.509472,51.895122,410.29000000000002
2017.11.22_07.59.59,-8.5096,51.891433,3,A,0,LTE,-100,-13,-2.0,8,-82,5692,152,D,-103.0,-17.0,-8.509472,51.895122,410.29000000000002
2017.11.22_08.00.01,-8.5096,51.891433,3,A,0,LTE,-100,-13,-2.0,7,-85,9976,184,D,-103.0,-17.0,-8.509472,51.895122,410.29000000000002
2017.11.22_08.00.02,-8.5096,51.891433,3,A,0,LTE,-102,-16,-4.0,6,-83,5099,94,D,-100.0,-15.0,-8.509472,51.895122,410.29000000000002
2017.11.22_08.00.02,-8.509439,51.891432,3,A,0,LTE,-102,-16,-4.0,6,-83,5099,94,D,-100.0,-15.0,-8.509472,51.895122,410.31999999999999
2017.11.22_08.00.03,-8.509439,51.891432,3,A,0,LTE,-102,-16,-4.0,5,-81,4384,81,D,-100.0,-15.0,-8.509472,51.895122,410.31999999999999
2017.11.22_08.00.04,-8.509439,51.891432,3,A,0,LTE,-98,-14,-4.0,5,-81,8063,153,D,-103.0,-19.0,-8.509472,51.895122,410.31999999999999
2017.11.22_08.00.05,-8.509439,51.891432,3,A,0,LTE,-98,-14,-4.0,5,-81,4674,87,D,-103.0,-19.0,-8.509472,51.895122,410.31999999999999
2017.11.22_08.00.06,-8.509439,51.891432,3,A,0,LTE,-98,-15,-3.0,8,-76,18364,333,D,-104.0,-20.0,-8.509472,51.895122,410.31999999999999
2017.11.22_08.00.07,-8.509439,51.891432,3,A,0,LTE,-98,-15,-3.0,7,-81,11351,525,D,-104.0,-20.0,-8.509472,51.895122,410.31999999999999
2017.11.22_08.00.08,-8.509439,51.891432,3,A,0,LTE,-98,-13,0.0,7,-81,7806,197,D,-,-,-8.509472,51.895122,410.31999999999999
2017.11.22_08.00.09,-8.509439,51.891432,3,A,0,LTE,-98,-13,0.0,5,-86,7873,146,D,-,-,-8.509472,51.895122,410.31999999999999
2017.11.22_08.00.11,-8.509439,51.891432,3,A,0,LTE,-103,-16,-4.0,5,-86,4384,81,D,-100.0,-16.0,-8.509472,51.895122,410.31999999999999
2017.11.22_08.00.11,-8.509291,51.891396,3,A,0,LTE,-103,-16,-4.0,5,-86,4384,81,D,-100.0,-16.0,-8.509472,51.895122,414.5
2017.11.22_08.00.12,-8.509291,51.891396,3,A,0,LTE,-103,-16,-4.0,5,-86,6430,121,D,-100.0,-16.0,-8.509472,51.895122,414.5
2017.11.22_08.00.13,-8.509291,51.891396,3,A,0,LTE,-102,-16,-6.0,9,-82,13845,256,D,-102.0,-17.0,-8.509472,51.895122,414.5
2017.11.22_08.00.14,-8.509291,51.891396,3,A,0,LTE,-102,-16,-6.0,9,-78,16954,378,D,-102.0,-17.0,-8.509472,51.895122,414.5
2017.11.22_08.00.15,-8.509291,51.891396,3,A,0,LTE,-95,-10,-2.0,5,-85,16954,313,D,-,-,-8.509472,51.895122,414.5
2017.11.22_08.00.16,-8.509291,51.891396,3,A,0,LTE,-95,-10,-2.0,9,-82,6341,121,D,-,-,-8.509472,51.895122,414.5
2017.11.22_08.00.17,-8.509291,51.891396,3,A,0,LTE,-99,-11,-1.0,7,-89,8801,163,D,-108.0,-17.0,-8.509472,51.895122,414.5
2017.11.22_08.00.18,-8.509291,51.891396,3,A,0,LTE,-99,-11,-1.0,4,-92,6956,129,D,-108.0,-17.0,-8.509472,51.895122,414.5
2017.11.22_08.00.20,-8.509291,51.891396,3,A,0,LTE,-109,-16,-4.0,4,-92,10457,191,D,-106.0,-16.0,-8.509472,51.895122,414.5
2017.11.22_08.00.20,-8.509133,51.891382,2,A,0,LTE,-109,-16,-4.0,4,-92,10457,191,D,-106.0,-16.0,-8.509472,51.895122,416.51999999999998
2017.11.22_08.00.21,-8.509133,51.891382,2,A,0,LTE,-109,-16,-4.0,4,-92,3344,62,D,-106.0,-16.0,-8.509472,51.895122,416.51999999999998
2017.11.22_08.00.22,-8.509133,51.891382,2,A,0,LTE,-109,-17,-6.0,4,-92,3701,147,D,-108.0,-15.0,-8.509472,51.895122,416.51999999999998
2017.11.22_08.00.23,-8.509133,51.891382,2,A,0,LTE,-109,-17,-6.0,4,-92,3042,56,D,-108.0,-15.0,-8.509472,51.895122,416.51999999999998
2017.11.22_08.00.24,-8.509133,51.891382,2,A,0,LTE,-108,-17,-7.0,4,-94,6374,118,D,-108.0,-16.0,-8.509472,51.895122,416.51999999999998
2017.11.22_08.00.25,-8.509133,51.891382,2,A,0,LTE,-108,-17,-7.0,5,-,8209,151,D,-108.0,-16.0,-8.509472,51.895122,416.51999999999998
2017.11.22_08.00.26,-8.509133,51.891382,2,A,0,LTE,-106,-14,-7.0,2,-89,5983,167,D,-108.0,-16.0,-8.485732,51.897244,1733.03
2017.11.22_08.00.28,-8.509133,51.891382,2,A,0,LTE,-106,-14,-7.0,6,-93,8242,152,D,-107.0,-14.0,-8.485732,51.897244,1733.03
2017.11.22_08.00.29,-8.509133,51.891382,2,A,0,LTE,-109,-17,-5.0,6,-93,7929,147,D,-107.0,-19.0,-8.485732,51.897244,1733.03
2017.11.22_08.00.29,-8.508975,51.891385,2,A,0,LTE,-109,-17,-5.0,6,-93,7929,147,D,-107.0,-19.0,-8.485732,51.897244,1722.8599999999999
2017.11.22_08.00.30,-8.508975,51.891385,2,A,0,LTE,-109,-17,-5.0,6,-93,8880,165,D,-107.0,-19.0,-8.485732,51.897244,1722.8599999999999
2017.11.22_08.00.31,-8.508975,51.891385,2,A,0,LTE,-109,-16,-6.0,7,-90,6531,120,D,-109.0,-19.0,-8.485732,51.897244,1722.8599999999999
2017.11.22_08.00.32,-8.508975,51.891385,2,A,0,LTE,-109,-16,-6.0,4,-94,8175,151,D,-109.0,-19.0,-8.485732,51.897244,1722.8599999999999
2017.11.22_08.00.33,-8.508975,51.891385,2,A,0,LTE,-111,-17,-5.0,5,-92,7985,146,D,-111.0,-18.0,-8.485732,51.897244,1722.8599999999999
2017.11.22_08.00.34,-8.508975,51.891385,2,A,0,LTE,-111,-17,-5.0,6,-90,11239,208,D,-111.0,-18.0,-8.485732,51.897244,1722.8599999999999
2017.11.22_08.00.35,-8.508975,51.891385,2,A,0,LTE,-109,-17,-4.0,5,-92,4797,88,D,-107.0,-20.0,-8.485732,51.897244,1722.8599999999999
2017.11.22_08.00.36,-8.508975,51.891385,2,A,0,LTE,-109,-17,-4.0,4,-94,1465,43,D,-107.0,-20.0,-8.485732,51.897244,1722.8599999999999
2017.11.22_08.00.37,-8.508827,51.891413,3,A,0,LTE,-109,-17,-6.0,5,-92,1465,43,D,-107.0,-20.0,-8.485732,51.897244,1712.28
2017.11.22_08.00.38,-8.508827,51.891413,3,A,0,LTE,-109,-16,-6.0,5,-92,5524,151,D,-109.0,-16.0,-8.485732,51.897244,1712.28
2017.11.22_08.00.39,-8.508827,51.891413,3,A,0,LTE,-109,-16,-6.0,6,-86,4328,80,D,-109.0,-16.0,-8.485732,51.897244,1712.28
2017.11.22_08.00.40,-8.508827,51.891413,3,A,0,LTE,-103,-16,-7.0,6,-86,10412,190,D,-107.0,-18.0,-8.485732,51.897244,1712.28
2017.11.22_08.00.41,-8.508827,51.891413,3,A,0,LTE,-103,-16,-7.0,2,-92,7247,134,D,-107.0,-18.0,-8.485732,51.897244,1712.28
2017.11.22_08.00.42,-8.508827,51.891413,3,A,0,LTE,-109,-19,-6.0,2,-92,4921,91,D,-111.0,-19.0,-8.485732,51.897244,1712.28
2017.11.22_08.00.43,-8.508827,51.891413,3,A,0,LTE,-109,-19,-6.0,6,-87,5804,165,D,-111.0,-19.0,-8.485732,51.897244,1712.28
2017.11.22_08.00.44,-8.508827,51.891413,3,A,0,LTE,-104,-16,-7.0,7,-85,12335,227,D,-105.0,-18.0,-8.485732,51.897244,1712.28
2017.11.22_08.00.45,-8.508719,51.891479,3,A,0,LTE,-104,-16,-2.0,6,-,12335,227,D,-105.0,-18.0,-8.485732,51.897244,1702.6500000000001
2017.11.22_08.00.45,-8.508719,51.891479,3,A,0,LTE,-104,-16,-7.0,6,-89,12772,236,D,-105.0,-18.0,-8.485732,51.897244,1702.6500000000001
2017.11.22_08.00.47,-8.508719,51.891479,3,A,0,LTE,-106,-15,-3.0,7,-86,8902,165,D,-108.0,-18.0,-8.485732,51.897244,1702.6500000000001
2017.11.22_08.00.48,-8.508719,51.891479,3,A,0,LTE,-106,-15,-3.0,7,-86,14997,274,D,-108.0,-18.0,-8.485732,51.897244,1702.6500000000001
2017.11.22_08.00.49,-8.508719,51.891479,3,A,0,LTE,-104,-15,-2.0,7,-86,13991,256,D,-107.0,-20.0,-8.485732,51.897244,1702.6500000000001
2017.11.22_08.00.50,-8.508719,51.891479,3,A,0,LTE,-104,-15,-2.0,9,-81,10893,201,D,-107.0,-20.0,-8.485732,51.897244,1702.6500000000001
2017.11.22_08.00.51,-8.508719,51.891479,3,A,0,LTE,-98,-10,-1.0,8,-83,14494,268,D,-106.0,-19.0,-8.485732,51.897244,1702.6500000000001
2017.11.22_08.00.52,-8.508719,51.891479,3,A,0,LTE,-98,-10,-1.0,5,-86,4261,92,D,-106.0,-19.0,-8.485732,51.897244,1702.6500000000001
2017.11.22_08.00.53,-8.508644,51.891558,3,A,0,LTE,-98,-10,-1.0,5,-86,4261,92,D,-106.0,-19.0,-8.485732,51.897244,1694.5799999999999
2017.11.22_08.00.53,-8.508644,51.891558,3,A,0,LTE,-103,-15,-1.0,5,-86,11239,241,D,-105.0,-18.0,-8.485732,51.897244,1694.5799999999999
2017.11.22_08.00.54,-8.508644,51.891558,3,A,0,LTE,-103,-15,-1.0,5,-86,8320,161,D,-105.0,-18.0,-8.485732,51.897244,1694.5799999999999
2017.11.22_08.00.55,-8.508644,51.891558,3,A,0,LTE,-104,-16,-5.0,5,-88,6587,123,D,-106.0,-18.0,-8.485732,51.897244,1694.5799999999999
2017.11.22_08.00.57,-8.508644,51.891558,3,A,0,LTE,-104,-16,-5.0,5,-88,9819,182,D,-106.0,-18.0,-8.485732,51.897244,1694.5799999999999
2017.11.22_08.00.58,-8.508644,51.891558,3,A,0,LTE,-104,-17,-6.0,5,-88,5096,154,D,-102.0,-14.0,-8.485732,51.897244,1694.5799999999999
2017.11.22_08.00.59,-8.508644,51.891558,3,A,0,LTE,-104,-17,-6.0,5,-86,8654,189,D,-102.0,-14.0,-8.485732,51.897244,1694.5799999999999
2017.11.22_08.01.00,-8.508644,51.891558,3,A,0,LTE,-103,-17,-6.0,4,-90,3880,72,D,-105.0,-15.0,-8.485732,51.897244,1694.5799999999999
2017.11.22_08.01.01,-8.508572,51.891637,2,A,0,LTE,-103,-17,-8.0,2,-84,3880,72,D,-105.0,-15.0,-8.485732,51.897244,1686.73
2017.11.22_08.01.01,-8.508572,51.891637,2,A,0,LTE,-103,-17,-6.0,2,-84,9025,268,D,-105.0,-15.0,-8.485732,51.897244,1686.73
2017.11.22_08.01.02,-8.508572,51.891637,2,A,0,LTE,-102,-14,-2.0,2,-84,4272,79,D,-105.0,-15.0,-8.504391,51.891686,286.97000000000003
2017.11.22_08.01.03,-8.508572,51.891637,2,A,0,LTE,-102,-14,-2.0,2,-84,3824,71,D,-105.0,-19.0,-8.504391,51.891686,286.97000000000003
2017.11.22_08.01.05,-8.508572,51.891637,2,A,0,LTE,-102,-14,0.0,2,-84,4641,86,D,-108.0,-20.0,-8.504391,51.891686,286.97000000000003
2017.11.22_08.01.06,-8.508572,51.891637,2,A,0,LTE,-102,-14,0.0,7,-81,2426,45,D,-108.0,-20.0,-8.504391,51.891686,286.97000000000003
2017.11.22_08.01.07,-8.508572,51.891637,2,A,0,LTE,-99,-13,2.0,7,-81,10322,267,D,-,-,-8.504391,51.891686,286.97000000000003
2017.11.22_08.01.08,-8.508572,51.891637,2,A,0,LTE,-99,-13,2.0,7,-81,4317,80,D,-,-,-8.504391,51.891686,286.97000000000003
2017.11.22_08.01.09,-8.508572,51.891637,2,A,0,LTE,-98,-13,2.0,7,-81,5066,94,D,-99.0,-17.0,-8.504391,51.891686,286.97000000000003
2017.11.22_08.01.10,-8.508572,51.891637,2,A,0,LTE,-98,-13,2.0,7,-81,4473,156,D,-99.0,-17.0,-8.504391,51.891686,286.97000000000003
2017.11.22_08.01.11,-8.508428,51.891667,2,A,0,LTE,-98,-13,2.0,7,-81,4473,156,D,-99.0,-17.0,-8.504391,51.891686,277.04000000000002
2017.11.22_08.01.11,-8.508428,51.891667,2,A,0,LTE,-99,-14,1.0,8,-84,3780,78,D,-102.0,-19.0,-8.504391,51.891686,277.04000000000002
2017.11.22_08.01.12,-8.508428,51.891667,2,A,0,LTE,-99,-14,1.0,8,-81,3198,102,D,-102.0,-19.0,-8.504391,51.891686,277.04000000000002
2017.11.22_08.01.13,-8.508428,51.891667,2,A,0,LTE,-98,-13,3.0,8,-81,6162,170,D,-101.0,-19.0,-8.504391,51.891686,277.04000000000002
2017.11.22_08.01.15,-8.508428,51.891667,2,A,0,LTE,-98,-13,3.0,8,-83,3858,139,D,-101.0,-19.0,-8.504391,51.891686,277.04000000000002
2017.11.22_08.01.16,-8.508428,51.891667,2,A,0,LTE,-96,-13,3.0,9,-79,5491,169,D,-,-,-8.504391,51.891686,277.04000000000002
2017.11.22_08.01.17,-8.508428,51.891667,2,A,0,LTE,-96,-13,3.0,6,-81,3914,113,D,-,-,-8.504391,51.891686,277.04000000000002
2017.11.22_08.01.18,-8.508428,51.891667,2,A,0,LTE,-99,-12,2.0,6,-81,1375,62,D,-,-,-8.504391,51.891686,277.04000000000002
2017.11.22_08.01.19,-8.508428,51.891667,2,A,0,LTE,-99,-12,2.0,6,-81,1319,59,D,-,-,-8.504391,51.891686,277.04000000000002
2017.11.22_08.01.20,-8.508269,51.891686,2,A,0,LTE,-99,-12,3.0,9,-79,1319,59,D,-,-,-8.504391,51.891686,266.12
2017.11.22_08.01.20,-8.508269,51.891686,2,A,0,LTE,-96,-13,3.0,9,-79,2594,59,D,-,-,-8.504391,51.891686,266.12
2017.11.22_08.01.21,-8.508269,51.891686,2,A,0,LTE,-96,-13,3.0,9,-79,3869,71,D,-,-,-8.504391,51.891686,266.12
2017.11.22_08.01.22,-8.508269,51.891686,2,A,0,LTE,-96,-13,5.0,9,-79,3377,79,D,-100.0,-15.0,-8.504391,51.891686,266.12
2017.11.22_08.01.24,-8.508269,51.891686,2,A,0,LTE,-96,-13,5.0,9,-79,4182,97,D,-100.0,-15.0,-8.504391,51.891686,266.12
2017.11.22_08.01.25,-8.508269,51.891686,2,A,0,LTE,-98,-13,5.0,8,-81,4607,85,D,-103.0,-17.0,-8.504391,51.891686,266.12
2017.11.22_08.01.26,-8.508269,51.891686,2,A,0,LTE,-98,-13,5.0,7,-83,5770,106,D,-103.0,-17.0,-8.504391,51.891686,266.12
2017.11.22_08.01.27,-8.508269,51.891686,2,A,0,LTE,-96,-12,6.0,11,-79,6799,125,D,-102.0,-17.0,-8.504391,51.891686,266.12
2017.11.22_08.01.28,-8.508269,51.891686,2,A,0,LTE,-96,-12,6.0,11,-79,6088,136,D,-102.0,-17.0,-8.504391,51.891686,266.12
2017.11.22_08.01.29,-8.508116,51.891671,3,A,0,LTE,-96,-12,6.0,7,-81,6088,136,D,-102.0,-17.0,-8.504391,51.891686,255.63
2017.11.22_08.01.29,-8.508116,51.891671,3,A,0,LTE,-98,-13,6.0,8,-77,7135,132,D,-102.0,-17.0,-8.504391,51.891686,255.63
2017.11.22_08.01.30,-8.508116,51.891671,3,A,0,LTE,-98,-13,6.0,8,-77,7224,139,D,-102.0,-17.0,-8.504391,51.891686,255.63
2017.11.22_08.01.31,-8.508116,51.891671,3,A,0,LTE,-95,-12,5.0,7,-80,5424,99,D,-102.0,-16.0,-8.504391,51.891686,255.63
2017.11.22_08.01.32,-8.508116,51.891671,3,A,0,LTE,-95,-12,5.0,7,-80,5681,105,D,-102.0,-16.0,-8.504391,51.891686,255.63
2017.11.22_08.01.34,-8.508116,51.891671,3,A,0,LTE,-97,-13,5.0,7,-80,4641,125,D,-102.0,-18.0,-8.504391,51.891686,255.63
2017.11.22_08.01.35,-8.508116,51.891671,3,A,0,LTE,-97,-13,5.0,7,-80,5580,103,D,-102.0,-18.0,-8.504391,51.891686,255.63
2017.11.22_08.01.36,-8.508116,51.891671,3,A,0,LTE,-99,-13,5.0,6,-82,7068,128,D,-98.0,-14.0,-8.504391,51.891686,255.63
2017.11.22_08.01.37,-8.508116,51.891671,3,A,0,LTE,-99,-13,5.0,9,-79,7851,145,D,-98.0,-14.0,-8.504391,51.891686,255.63
2017.11.22_08.01.38,-8.507954,51.891681,3,A,0,LTE,-99,-13,5.0,9,-79,7851,145,D,-98.0,-14.0,-8.504391,51.891686,244.50999999999999
2017.11.22_08.01.38,-8.507954,51.891681,3,A,0,LTE,-97,-13,4.0,9,-79,8790,162,D,-,-,-8.504391,51.891686,244.50999999999999
2017.11.22_08.01.39,-8.507954,51.891681,3,A,0,LTE,-97,-13,4.0,8,-79,8589,160,D,-,-,-8.504391,51.891686,244.50999999999999
2017.11.22_08.01.40,-8.507954,51.891681,3,A,0,LTE,-96,-10,4.0,8,-79,9305,172,D,-,-,-8.504391,51.891686,244.50999999999999
2017.11.22_08.01.41,-8.507954,51.891681,3,A,0,LTE,-96,-10,4.0,8,-79,10199,234,D,-,-,-8.504391,51.891686,244.50999999999999
2017.11.22_08.01.42,-8.507954,51.891681,3,A,0,LTE,-99,-13,5.0,8,-82,9316,172,D,-103.0,-18.0,-8.504391,51.891686,244.50999999999999
2017.11.22_08.01.44,-8.507954,51.891681,3,A,0,LTE,-99,-13,5.0,9,-76,12872,279,D,-103.0,-18.0,-8.504391,51.891686,244.50999999999999
2017.11.22_08.01.45,-8.507954,51.891681,3,A,0,LTE,-93,-12,7.0,9,-76,10635,241,D,-,-,-8.504391,51.891686,244.50999999999999
2017.11.22_08.01.46,-8.507802,51.891668,3,A,0,LTE,-93,-12,7.0,8,-,10635,241,D,-,-,-8.504391,51.891686,234.08000000000001
2017.11.22_08.01.46,-8.507802,51.891668,3,A,0,LTE,-93,-12,7.0,8,-,6855,160,D,-,-,-8.504391,51.891686,234.08000000000001
2017.11.22_08.01.47,-8.507802,51.891668,3,A,0,LTE,-94,-9,8.0,10,-,4283,102,D,-100.0,-18.0,-8.504391,51.891686,234.08000000000001
2017.11.22_08.01.48,-8.507802,51.891668,3,A,0,LTE,-94,-9,6.0,9,-77,4585,84,D,-100.0,-18.0,-8.504391,51.891686,234.08000000000001
2017.11.22_08.01.49,-8.507802,51.891668,3,A,0,LTE,-94,-12,6.0,9,-77,6028,115,D,-101.0,-19.0,-8.504391,51.891686,234.08000000000001
2017.11.22_08.01.50,-8.507802,51.891668,3,A,0,LTE,-94,-12,6.0,9,-77,5838,136,D,-101.0,-19.0,-8.504391,51.891686,234.08000000000001
2017.11.22_08.01.51,-8.507802,51.891668,3,A,0,LTE,-93,-10,8.0,9,-77,6665,122,D,-100.0,-19.0,-8.504391,51.891686,234.08000000000001
2017.11.22_08.01.53,-8.507802,51.891668,3,A,0,LTE,-93,-10,8.0,9,-77,7515,139,D,-100.0,-19.0,-8.504391,51.891686,234.08000000000001
2017.11.22_08.01.54,-8.507802,51.891668,3,A,0,LTE,-91,-9,9.0,10,-74,7370,162,D,-,-,-8.504391,51.891686,234.08000000000001
2017.11.22_08.01.54,-8.507642,51.891663,2,A,0,LTE,-91,-9,9.0,10,-74,7370,162,D,-,-,-8.504391,51.891686,223.11000000000001
2017.11.22_08.01.55,-8.507642,51.891663,2,A,0,LTE,-91,-9,9.0,11,-72,5222,111,D,-,-,-8.504391,51.891686,223.11000000000001
2017.11.22_08.01.56,-8.507642,51.891663,2,A,0,LTE,-91,-12,10.0,9,-74,5983,133,D,-,-,-8.504391,51.891686,223.11000000000001
2017.11.22_08.01.57,-8.507642,51.891663,2,A,0,LTE,-91,-12,10.0,9,-74,6531,121,D,-,-,-8.504391,51.891686,223.11000000000001
2017.11.22_08.01.58,-8.507642,51.891663,2,A,0,LTE,-91,-11,9.0,9,-74,5715,104,D,-,-,-8.504391,51.891686,223.11000000000001
2017.11.22_08.01.59,-8.507642,51.891663,2,A,0,LTE,-91,-11,9.0,8,-77,6363,120,D,-,-,-8.504391,51.891686,223.11000000000001
2017.11.22_08.02.00,-8.507642,51.891663,2,A,0,LTE,-93,-10,7.0,8,-77,6553,120,D,-,-,-8.504391,51.891686,223.11000000000001
2017.11.22_08.02.01,-8.507497,51.891663,2,A,0,LTE,-93,-10,7.0,8,-77,6553,120,D,-,-,-8.504391,51.891686,213.16
2017.11.22_08.02.02,-8.507497,51.891663,2,A,0,LTE,-93,-10,7.0,10,-70,5893,137,D,-,-,-8.504391,51.891686,213.16
2017.11.22_08.02.03,-8.507497,51.891663,2,A,0,LTE,-93,-13,6.0,9,-76,6374,138,D,-,-,-8.504391,51.891686,213.16
2017.11.22_08.02.04,-8.507497,51.891663,2,A,0,LTE,-93,-13,6.0,6,-80,4070,75,D,-,-,-8.504391,51.891686,213.16
2017.11.22_08.02.05,-8.507497,51.891663,2,A,0,LTE,-94,-11,3.0,7,-77,5860,136,D,-99.0,-17.0,-8.504391,51.891686,213.16
2017.11.22_08.02.06,-8.507497,51.891663,2,A,0,LTE,-94,-11,3.0,9,-73,6296,138,D,-99.0,-17.0,-8.504391,51.891686,213.16
2017.11.22_08.02.07,-8.507497,51.891663,2,A,0,LTE,-92,-12,4.0,6,-77,3097,57,D,-,-,-8.504391,51.891686,213.16
2017.11.22_08.02.08,-8.507342,51.891665,2,A,0,LTE,-92,-12,4.0,6,-77,3097,57,D,-,-,-8.504391,51.891686,202.52000000000001
2017.11.22_08.02.08,-8.507342,51.891665,2,A,0,LTE,-92,-12,4.0,6,-77,5088,118,D,-,-,-8.504391,51.891686,202.52000000000001
2017.11.22_08.02.09,-8.507342,51.891665,2,A,0,LTE,-96,-13,3.0,6,-79,4697,105,D,-,-,-8.504391,51.891686,202.52000000000001
2017.11.22_08.02.11,-8.507342,51.891665,2,A,0,LTE,-96,-13,3.0,6,-79,5972,111,D,-,-,-8.504391,51.891686,202.52000000000001
2017.11.22_08.02.12,-8.507342,51.891665,2,A,0,LTE,-94,-11,6.0,10,-77,6878,131,D,-103.0,-20.0,-8.504391,51.891686,202.52000000000001
2017.11.22_08.02.13,-8.507342,51.891665,2,A,0,LTE,-94,-11,6.0,10,-77,5155,96,D,-103.0,-20.0,-8.504391,51.891686,202.52000000000001
2017.11.22_08.02.14,-8.507342,51.891665,2,A,0,LTE,-95,-9,7.0,10,-77,7157,133,D,-102.0,-13.0,-8.504391,51.891686,202.52000000000001
2017.11.22_08.02.15,-8.507342,51.891665,2,A,0,LTE,-95,-9,7.0,10,-77,8253,156,D,-102.0,-13.0,-8.504391,51.891686,202.52000000000001
2017.11.22_08.02.16,-8.507342,51.891665,2,A,0,LTE,-97,-10,6.0,9,-77,9182,169,D,-,-,-8.504391,51.891686,202.52000000000001
2017.11.22_08.02.17,-8.507342,51.891665,2,A,0,LTE,-97,-10,6.0,11,-79,8365,153,D,-,-,-8.504391,51.891686,202.52000000000001
2017.11.22_08.02.18,-8.507342,51.891665,2,A,0,LTE,-96,-11,7.0,9,-76,10915,201,D,-,-,-8.504391,51.891686,202.52000000000001
2017.11.22_08.02.19,-8.507342,51.891665,2,A,0,LTE,-96,-11,7.0,9,-73,10602,227,D,-,-,-8.504391,51.891686,202.52000000000001
2017.11.22_08.02.20,-8.507167,51.891699,1,A,0,LTE,-96,-11,7.0,9,-73,10602,227,D,-,-,-8.504391,51.891686,190.50999999999999
2017.11.22_08.02.21,-8.507167,51.891699,1,A,0,LTE,-95,-12,8.0,10,-78,7772,143,D,-,-,-8.504391,51.891686,190.50999999999999
2017.11.22_08.02.22,-8.507167,51.891699,1,A,0,LTE,-95,-12,8.0,9,-75,7974,206,D,-,-,-8.504391,51.891686,190.50999999999999
2017.11.22_08.02.23,-8.507167,51.891699,1,A,0,LTE,-93,-12,8.0,9,-75,8063,149,D,-,-,-8.504391,51.891686,190.50999999999999
2017.11.22_08.02.24,-8.507167,51.891699,1,A,0,LTE,-93,-12,8.0,9,-75,6755,167,D,-,-,-8.504391,51.891686,190.50999999999999
2017.11.22_08.02.25,-8.507167,51.891699,1,A,0,LTE,-91,-12,10.0,12,-73,5323,116,D,-,-,-8.504391,51.891686,190.50999999999999
2017.11.22_08.02.26,-8.507167,51.891699,1,A,0,LTE,-91,-12,10.0,10,-75,6195,114,D,-,-,-8.504391,51.891686,190.50999999999999
2017.11.22_08.02.27,-8.507167,51.891699,1,A,0,LTE,-92,-7,10.0,10,-75,7269,133,D,-,-,-8.504391,51.891686,190.50999999999999
2017.11.22_08.02.28,-8.507167,51.891699,1,A,0,LTE,-92,-7,10.0,10,-75,7291,155,D,-,-,-8.504391,51.891686,190.50999999999999
2017.11.22_08.02.30,-8.507167,51.891699,1,A,0,LTE,-91,-10,13.0,10,-75,6408,143,D,-,-,-8.504391,51.891686,190.50999999999999
2017.11.22_08.02.31,-8.507167,51.891699,1,A,0,LTE,-91,-10,13.0,10,-75,5938,109,D,-,-,-8.504391,51.891686,190.50999999999999
2017.11.22_08.02.32,-8.507008,51.891727,2,A,0,LTE,-91,-10,13.0,10,-75,5938,109,D,-,-,-8.504391,51.891686,179.65000000000001
2017.11.22_08.02.32,-8.507008,51.891727,2,A,0,LTE,-91,-10,12.0,10,-75,21495,465,D,-,-,-8.504391,51.891686,179.65000000000001
2017.11.22_08.02.33,-8.507008,51.891727,2,A,0,LTE,-91,-10,12.0,9,-82,11966,390,D,-,-,-8.504391,51.891686,179.65000000000001
2017.11.22_08.02.34,-8.507008,51.891727,2,A,0,LTE,-95,-7,10.0,8,-78,7895,141,D,-,-,-8.504391,51.891686,179.65000000000001
2017.11.22_08.02.35,-8.507008,51.891727,2,A,0,LTE,-95,-7,10.0,9,-80,7918,190,D,-,-,-8.504391,51.891686,179.65000000000001
2017.11.22_08.02.36,-8.507008,51.891727,2,A,0,LTE,-97,-10,10.0,10,-78,5189,96,D,-,-,-8.504391,51.891686,179.65000000000001
2017.11.22_08.02.37,-8.507008,51.891727,2,A,0,LTE,-97,-10,10.0,8,-81,7538,139,D,-,-,-8.504391,51.891686,179.65000000000001
2017.11.22_08.02.38,-8.507008,51.891727,2,A,0,LTE,-99,-12,10.0,8,-81,5480,121,D,-,-,-8.504391,51.891686,179.65000000000001
2017.11.22_08.02.40,-8.507008,51.891727,2,A,0,LTE,-99,-12,10.0,10,-,5457,99,D,-,-,-8.504391,51.891686,179.65000000000001
2017.11.22_08.02.41,-8.507008,51.891727,2,A,0,LTE,-99,-12,11.0,9,-,6777,125,D,-,-,-8.504391,51.891686,179.65000000000001
2017.11.22_08.02.42,-8.507008,51.891727,2,A,0,LTE,-99,-12,11.0,10,-80,8478,157,D,-,-,-8.504391,51.891686,179.65000000000001
2017.11.22_08.02.43,-8.507008,51.891727,2,A,0,LTE,-99,-11,10.0,8,-82,7582,162,D,-,-,-8.504391,51.891686,179.65000000000001
2017.11.22_08.02.44,-8.507008,51.891727,2,A,0,LTE,-99,-11,10.0,8,-82,6430,171,D,-,-,-8.504391,51.891686,179.65000000000001
2017.11.22_08.02.45,-8.507008,51.891727,2,A,0,LTE,-103,-10,6.0,9,-83,13957,309,D,-,-,-8.504391,51.891686,179.65000000000001
2017.11.22_08.02.46,-8.506853,51.891734,2,A,0,LTE,-103,-10,6.0,9,-83,13957,309,D,-,-,-8.504391,51.891686,169.03999999999999
2017.11.22_08.02.46,-8.506853,51.891734,2,A,0,LTE,-103,-10,6.0,7,-85,10367,262,D,-,-,-8.504391,51.891686,169.03999999999999
2017.11.22_08.02.47,-8.506853,51.891734,2,A,0,LTE,-103,-8,5.0,7,-85,9405,204,D,-,-,-8.504391,51.891686,169.03999999999999
2017.11.22_08.02.49,-8.506853,51.891734,2,A,0,LTE,-103,-8,5.0,7,-85,6218,144,D,-,-,-8.504391,51.891686,169.03999999999999
2017.11.22_08.02.50,-8.506853,51.891734,2,A,0,LTE,-103,-12,5.0,7,-85,6732,123,D,-,-,-8.504391,51.891686,169.03999999999999
2017.11.22_08.02.51,-8.506853,51.891734,2,A,0,LTE,-103,-12,5.0,7,-85,6531,161,D,-,-,-8.504391,51.891686,169.03999999999999
2017.11.22_08.02.52,-8.506853,51.891734,2,A,0,LTE,-100,-12,5.0,6,-83,5245,96,D,-104.0,-16.0,-8.504391,51.891686,169.03999999999999
2017.11.22_08.02.53,-8.506697,51.891726,3,A,0,LTE,-100,-12,-5.0,6,-82,5245,96,D,-104.0,-16.0,-8.504391,51.891686,158.31
2017.11.22_08.02.53,-8.506697,51.891726,3,A,0,LTE,-100,-12,5.0,6,-82,4943,91,D,-104.0,-16.0,-8.504391,51.891686,158.31
2017.11.22_08.02.54,-8.506697,51.891726,3,A,2,LTE,-99,-14,-5.0,6,-76,3824,71,D,-104.0,-16.0,-8.491719,51.893905,1056.0
2017.11.22_08.02.56,-8.506697,51.891726,3,A,2,LTE,-99,-14,-5.0,7,-81,4652,86,D,-,-,-8.491719,51.893905,1056.0
2017.11.22_08.02.57,-8.506697,51.891726,3,A,2,LTE,-98,-13,3.0,9,-76,4898,94,D,-,-,-8.491719,51.893905,1056.0
2017.11.22_08.02.58,-8.506697,51.891726,3,A,2,LTE,-98,-13,3.0,9,-76,6106,108,D,-,-,-8.491719,51.893905,1056.0
2017.11.22_08.02.59,-8.506697,51.891726,3,A,2,LTE,-94,-12,4.0,11,-79,134,2,D,-,-,-8.491719,51.893905,1056.0
2017.11.22_08.03.00,-8.506697,51.891726,3,A,2,LTE,-94,-12,6.0,8,-75,2337,77,D,-,-,-8.491719,51.893905,1056.0
2017.11.22_08.03.01,-8.506697,51.891726,3,A,2,LTE,-92,-11,6.0,8,-75,4160,81,D,-97.0,-19.0,-8.491719,51.893905,1056.0
2017.11.22_08.03.03,-8.506607,51.891802,3,A,2,LTE,-92,-11,6.0,8,-75,212,5,D,-97.0,-19.0,-8.491719,51.893905,1048.0699999999999
2017.11.22_08.03.03,-8.506607,51.891802,3,A,2,LTE,-92,-11,6.0,8,-75,212,5,D,-97.0,-19.0,-8.491719,51.893905,1048.0699999999999
2017.11.22_08.03.04,-8.506607,51.891802,3,A,2,LTE,-99,-13,3.0,8,-,3679,96,D,-104.0,-19.0,-8.491719,51.893905,1048.0699999999999
2017.11.22_08.03.05,-8.506607,51.891802,3,A,2,LTE,-99,-13,3.0,11,-79,637,26,D,-104.0,-19.0,-8.491719,51.893905,1048.0699999999999
2017.11.22_08.03.06,-8.506607,51.891802,3,A,2,LTE,-96,-13,8.0,10,-74,1274,24,D,-,-,-8.491719,51.893905,1048.0699999999999
2017.11.22_08.03.07,-8.506607,51.891802,3,A,2,LTE,-96,-13,8.0,10,-72,3489,85,D,-,-,-8.491719,51.893905,1048.0699999999999
2017.11.22_08.03.08,-8.506607,51.891802,3,A,2,LTE,-89,-12,8.0,7,-74,2192,44,D,-,-,-8.491719,51.893905,1048.0699999999999
2017.11.22_08.03.10,-8.506607,51.891802,3,A,2,LTE,-89,-12,8.0,7,-77,2874,53,D,-,-,-8.491719,51.893905,1048.0699999999999
2017.11.22_08.03.11,-8.506607,51.891802,3,A,2,LTE,-95,-13,6.0,7,-77,5580,119,D,-,-,-8.491719,51.893905,1048.0699999999999
2017.11.22_08.03.11,-8.506525,51.89189,4,A,2,LTE,-95,-13,6.0,7,-77,5580,119,D,-,-,-8.491719,51.893905,1040.4300000000001
2017.11.22_08.03.12,-8.506525,51.89189,4,A,2,LTE,-95,-13,6.0,9,-84,2415,51,D,-,-,-8.491719,51.893905,1040.4300000000001
2017.11.22_08.03.13,-8.506525,51.89189,4,A,2,LTE,-100,-13,3.0,9,-84,5949,109,D,-,-,-8.491719,51.893905,1040.4300000000001
2017.11.22_08.03.14,-8.506525,51.89189,4,A,2,LTE,-100,-13,3.0,10,-69,9126,191,D,-,-,-8.491719,51.893905,1040.4300000000001
2017.11.22_08.03.15,-8.506525,51.89189,4,A,2,LTE,-92,-12,8.0,7,-75,1230,48,D,-,-,-8.491719,51.893905,1040.4300000000001
2017.11.22_08.03.16,-8.506525,51.89189,4,A,2,LTE,-92,-12,8.0,9,-77,5759,106,D,-,-,-8.491719,51.893905,1040.4300000000001
2017.11.22_08.03.17,-8.506525,51.89189,4,A,2,LTE,-94,-12,9.0,9,-81,4227,78,D,-,-,-8.491719,51.893905,1040.4300000000001
2017.11.22_08.03.18,-8.506428,51.891961,3,A,2,LTE,-94,-12,1.0,11,-83,4227,78,D,-,-,-8.491719,51.893905,1032.25
2017.11.22_08.03.18,-8.506428,51.891961,3,A,2,LTE,-94,-12,9.0,11,-83,1196,50,D,-,-,-8.491719,51.893905,1032.25
2017.11.22_08.03.20,-8.506428,51.891961,3,A,2,LTE,-100,-12,8.0,15,-,6363,118,D,-,-,-8.491719,51.893905,1032.25
2017.11.22_08.03.21,-8.506428,51.891961,3,A,2,LTE,-100,-12,1.0,9,-76,7605,139,D,-,-,-8.491719,51.893905,1032.25
2017.11.22_08.03.22,-8.506428,51.891961,3,A,2,LTE,-93,-12,10.0,10,-71,7627,142,D,-,-,-8.491719,51.893905,1032.25
2017.11.22_08.03.23,-8.506428,51.891961,3,A,2,LTE,-93,-12,10.0,10,-73,6576,122,D,-,-,-8.491719,51.893905,1032.25
2017.11.22_08.03.24,-8.506428,51.891961,3,A,2,LTE,-90,-11,12.0,10,-73,6274,116,D,-,-,-8.491719,51.893905,1032.25
2017.11.22_08.03.25,-8.506428,51.891961,3,A,2,LTE,-90,-11,12.0,10,-73,4954,91,D,-,-,-8.491719,51.893905,1032.25
2017.11.22_08.03.26,-8.506315,51.892033,5,A,2,LTE,-90,-11,11.0,12,-75,4954,91,D,-,-,-8.491719,51.893905,1023.01
2017.11.22_08.03.26,-8.506315,51.892033,5,A,2,LTE,-89,-12,12.0,12,-75,7224,136,D,-,-,-8.491719,51.893905,1023.01
2017.11.22_08.03.27,-8.506315,51.892033,5,A,2,LTE,-89,-12,12.0,12,-75,7851,145,D,-,-,-8.491719,51.893905,1023.01
2017.11.22_08.03.28,-8.506315,51.892033,5,A,2,LTE,-91,-12,12.0,12,-75,7482,136,D,-,-,-8.491719,51.893905,1023.01
2017.11.22_08.03.30,-8.506315,51.892033,5,A,2,LTE,-91,-12,12.0,10,-77,4753,88,D,-,-,-8.491719,51.893905,1023.01
2017.11.22_08.03.31,-8.506315,51.892033,5,A,2,LTE,-94,-11,12.0,10,-77,7146,131,D,-,-,-8.491719,51.893905,1023.01
2017.11.22_08.03.32,-8.506315,51.892033,5,A,2,LTE,-94,-11,12.0,10,-77,3153,56,D,-,-,-8.491719,51.893905,1023.01
2017.11.22_08.03.33,-8.506221,51.892118,4,A,2,LTE,-94,-11,9.0,8,-80,3153,56,D,-,-,-8.491719,51.893905,1014.8
2017.11.22_08.03.33,-8.506221,51.892118,4,A,2,LTE,-95,-12,10.0,8,-80,592,31,D,-,-,-8.491719,51.893905,1014.8
2017.11.22_08.03.34,-8.506221,51.892118,4,A,2,LTE,-95,-12,10.0,6,-82,2169,120,D,-,-,-8.491719,51.893905,1014.8
2017.11.22_08.03.35,-8.506221,51.892118,4,A,2,LTE,-103,-14,7.0,7,-84,2426,131,D,-,-,-8.491719,51.893905,1014.8
2017.11.22_08.03.36,-8.506221,51.892118,4,A,2,LTE,-103,-14,8.0,10,-,2236,115,D,-,-,-8.491719,51.893905,1014.8
2017.11.22_08.03.37,-8.506221,51.892118,4,A,2,LTE,-103,-13,7.0,9,-,1632,80,D,-,-,-8.491719,51.893905,1014.8
2017.11.22_08.03.38,-8.506221,51.892118,4,A,2,LTE,-103,-13,7.0,9,-,2449,93,D,-,-,-8.491719,51.893905,1014.8
2017.11.22_08.03.40,-8.506221,51.892118,4,A,2,LTE,-102,-14,2.0,9,-85,2617,122,D,-,-,-8.491719,51.893905,1014.8
2017.11.22_08.03.40,-8.506147,51.89221,4,A,2,LTE,-102,-14,2.0,9,-85,2617,122,D,-,-,-8.491719,51.893905,1007.86
2017.11.22_08.03.41,-8.506147,51.89221,4,A,2,LTE,-102,-14,2.0,9,-85,1219,54,D,-,-,-8.491719,51.893905,1007.86
2017.11.22_08.03.42,-8.506147,51.89221,4,A,2,LTE,-104,-14,1.0,8,-87,2516,116,D,-111.0,-19.0,-8.491719,51.893905,1007.86
2017.11.22_08.03.43,-8.506147,51.89221,4,A,2,LTE,-104,-14,1.0,8,-87,1521,62,D,-111.0,-19.0,-8.491719,51.893905,1007.86
2017.11.22_08.03.44,-8.506147,51.89221,4,A,2,LTE,-106,-16,-2.0,7,-89,1666,69,D,-109.0,-18.0,-8.491719,51.893905,1007.86
2017.11.22_08.03.45,-8.506147,51.89221,4,A,2,LTE,-106,-16,-2.0,5,-93,827,17,D,-109.0,-18.0,-8.491719,51.893905,1007.86
2017.11.22_08.03.46,-8.506147,51.89221,4,A,2,LTE,-110,-15,-3.0,6,-94,1107,51,D,-112.0,-20.0,-8.491719,51.893905,1007.86
2017.11.22_08.03.47,-8.506092,51.892296,4,A,2,LTE,-110,-15,-3.0,6,-94,1107,51,D,-112.0,-20.0,-8.491719,51.893905,1002.4
2017.11.22_08.03.47,-8.506092,51.892296,4,A,2,LTE,-110,-15,-3.0,6,-94,961,18,D,-112.0,-20.0,-8.491719,51.893905,1002.4
2017.11.22_08.03.48,-8.506092,51.892296,4,A,2,LTE,-112,-15,-5.0,6,-94,1342,52,D,-113.0,-18.0,-8.491719,51.893905,1002.4
2017.11.22_08.03.49,-8.506092,51.892296,4,A,2,LTE,-112,-15,-5.0,6,-,2672,54,D,-113.0,-18.0,-8.491719,51.893905,1002.4
2017.11.22_08.03.51,-8.506092,51.892296,4,A,2,LTE,-110,-17,-4.0,4,-93,1062,20,D,-110.0,-18.0,-8.491719,51.893905,1002.4
2017.11.22_08.03.52,-8.506092,51.892296,4,A,2,LTE,-110,-17,-4.0,4,-91,2527,51,D,-110.0,-18.0,-8.491719,51.893905,1002.4
2017.11.22_08.03.53,-8.506092,51.892296,4,A,2,LTE,-108,-13,-4.0,4,-91,2840,53,D,-111.0,-16.0,-8.491719,51.893905,1002.4
2017.11.22_08.03.54,-8.505994,51.892374,4,A,2,LTE,-108,-13,-4.0,4,-91,2840,53,D,-111.0,-16.0,-8.491719,51.893905,994.25999999999999
2017.11.22_08.03.54,-8.505994,51.892374,4,A,2,LTE,-108,-13,-4.0,4,-91,693,13,D,-111.0,-16.0,-8.491719,51.893905,994.25999999999999
2017.11.22_08.03.55,-8.505994,51.892374,4,A,2,LTE,-108,-16,-4.0,4,-91,3165,81,D,-104.0,-12.0,-8.491719,51.893905,994.25999999999999
2017.11.22_08.03.56,-8.505994,51.892374,4,A,2,LTE,-108,-16,-4.0,4,-94,715,13,D,-104.0,-12.0,-8.491719,51.893905,994.25999999999999
2017.11.22_08.03.57,-8.505994,51.892374,4,A,2,LTE,-111,-17,-5.0,5,-89,3165,82,D,-112.0,-17.0,-8.491719,51.893905,994.25999999999999
2017.11.22_08.03.58,-8.505994,51.892374,4,A,2,LTE,-111,-17,-5.0,6,-91,2214,41,D,-112.0,-17.0,-8.491719,51.893905,994.25999999999999
2017.11.22_08.04.00,-8.505994,51.892374,4,A,2,LTE,-108,-15,-3.0,6,-91,4473,103,D,-113.0,-19.0,-8.491719,51.893905,994.25999999999999
2017.11.22_08.04.01,-8.505909,51.892454,4,A,2,LTE,-108,-15,-3.0,6,-91,3198,64,D,-113.0,-19.0,-8.491719,51.893905,987.01999999999998
2017.11.22_08.04.01,-8.505909,51.892454,4,A,2,LTE,-108,-15,-3.0,6,-91,3198,64,D,-113.0,-19.0,-8.491719,51.893905,987.01999999999998
2017.11.22_08.04.02,-8.505909,51.892454,4,A,0,LTE,-109,-12,-4.0,2,-92,671,27,D,-113.0,-19.0,-8.485732,51.897244,1483.4400000000001
2017.11.22_08.04.03,-8.505909,51.892454,4,A,0,LTE,-109,-12,-4.0,5,-94,5111,95,D,-,-,-8.485732,51.897244,1483.4400000000001
2017.11.22_08.04.04,-8.505909,51.892454,4,A,0,LTE,-113,-17,-5.0,5,-93,6173,115,D,-111.0,-19.0,-8.485732,51.897244,1483.4400000000001
2017.11.22_08.04.05,-8.505909,51.892454,4,A,0,LTE,-113,-17,-5.0,5,-93,2505,47,D,-111.0,-19.0,-8.485732,51.897244,1483.4400000000001
2017.11.22_08.04.06,-8.505909,51.892454,4,A,0,LTE,-110,-18,-7.0,5,-93,5569,103,D,-107.0,-17.0,-8.485732,51.897244,1483.4400000000001
2017.11.22_08.04.08,-8.505909,51.892454,4,A,0,LTE,-110,-18,-7.0,5,-89,1949,41,D,-107.0,-17.0,-8.485732,51.897244,1483.4400000000001
2017.11.22_08.04.09,-8.505909,51.892454,4,A,0,LTE,-106,-18,-7.0,5,-89,2942,79,D,-106.0,-15.0,-8.485732,51.897244,1483.4400000000001
2017.11.22_08.04.10,-8.505909,51.892454,4,A,0,LTE,-106,-18,-7.0,5,-89,6520,120,D,-106.0,-15.0,-8.485732,51.897244,1483.4400000000001
2017.11.22_08.04.11,-8.505909,51.892454,4,A,0,LTE,-105,-13,-6.0,5,-89,1912,42,D,-112.0,-18.0,-8.485732,51.897244,1483.4400000000001
2017.11.22_08.04.12,-8.505909,51.892454,4,A,0,LTE,-105,-13,-6.0,5,-91,6419,119,D,-112.0,-18.0,-8.485732,51.897244,1483.4400000000001
2017.11.22_08.04.13,-8.505909,51.892454,4,A,0,LTE,-108,-17,-6.0,5,-91,9036,168,D,-109.0,-17.0,-8.485732,51.897244,1483.4400000000001
2017.11.22_08.04.14,-8.505909,51.892454,4,A,0,LTE,-108,-17,-6.0,5,-91,8130,151,D,-109.0,-17.0,-8.485732,51.897244,1483.4400000000001
2017.11.22_08.04.15,-8.505909,51.892454,4,A,0,LTE,-107,-16,-5.0,5,-91,10356,196,D,-106.0,-18.0,-8.485732,51.897244,1483.4400000000001
2017.11.22_08.04.16,-8.50581,51.89252,0,A,0,LTE,-107,-16,-5.0,5,-91,10356,196,D,-106.0,-18.0,-8.485732,51.897244,1474.47
2017.11.22_08.04.17,-8.50581,51.89252,0,A,0,LTE,-107,-16,-5.0,5,-91,5826,108,D,-106.0,-18.0,-8.485732,51.897244,1474.47
2017.11.22_08.04.18,-8.50581,51.89252,0,A,0,LTE,-109,-17,-8.0,5,-91,6274,116,D,-106.0,-17.0,-8.485732,51.897244,1474.47
2017.11.22_08.04.19,-8.50581,51.89252,0,A,0,LTE,-109,-17,-8.0,5,-89,7090,130,D,-106.0,-17.0,-8.485732,51.897244,1474.47
2017.11.22_08.04.20,-8.50581,51.89252,0,A,0,LTE,-106,-16,-6.0,5,-93,6285,116,D,-108.0,-17.0,-8.485732,51.897244,1474.47
2017.11.22_08.04.21,-8.50581,51.89252,0,A,0,LTE,-106,-16,-6.0,5,-93,7940,147,D,-108.0,-17.0,-8.485732,51.897244,1474.47
2017.11.22_08.04.22,-8.50581,51.89252,0,A,0,LTE,-110,-17,-7.0,5,-94,4294,186,D,-108.0,-17.0,-8.485732,51.897244,1474.47
2017.11.22_08.04.23,-8.50581,51.89252,0,A,0,LTE,-110,-17,-7.0,5,-94,3959,224,D,-108.0,-17.0,-8.485732,51.897244,1474.47
2017.11.22_08.04.24,-8.50581,51.89252,0,A,0,LTE,-112,-19,-9.0,4,-93,4440,217,D,-108.0,-19.0,-8.485732,51.897244,1474.47
2017.11.22_08.04.25,-8.50581,51.89252,0,A,0,LTE,-112,-19,-9.0,4,-93,2650,114,D,-108.0,-19.0,-8.485732,51.897244,1474.47
2017.11.22_08.04.26,-8.505693,51.8926,8,A,0,LTE,-112,-19,-9.0,4,-93,2650,114,D,-108.0,-19.0,-8.485732,51.897244,1463.8099999999999
2017.11.22_08.04.27,-8.505693,51.8926,8,A,2,LTE,-114,-16,-8.0,5,-94,1811,66,D,-108.0,-19.0,-8.485864,51.896748,1436.7
2017.11.22_08.04.28,-8.505693,51.8926,8,A,2,LTE,-114,-16,-8.0,5,-94,1241,65,D,-107.0,-17.0,-8.485864,51.896748,1436.7
2017.11.22_08.04.29,-8.505693,51.8926,8,A,2,LTE,-113,-18,-9.0,5,-94,391,22,D,-108.0,-18.0,-8.485864,51.896748,1436.7
2017.11.22_08.04.30,-8.505693,51.8926,8,A,2,LTE,-113,-18,-9.0,2,-90,2706,145,D,-108.0,-18.0,-8.485864,51.896748,1436.7
2017.11.22_08.04.31,-8.505693,51.8926,8,A,2,LTE,-102,-14,-6.0,7,-88,827,42,D,-108.0,-18.0,-8.491719,51.893905,969.84000000000003
2017.11.22_08.04.32,-8.505567,51.892653,3,A,2,LTE,-102,-14,-6.0,7,-88,827,42,D,-109.0,-18.0,-8.491719,51.893905,960.40999999999997
2017.11.22_08.04.32,-8.505567,51.892653,3,A,2,LTE,-102,-14,-6.0,5,-90,2315,69,D,-109.0,-18.0,-8.491719,51.893905,960.40999999999997
2017.11.22_08.04.33,-8.505567,51.892653,3,A,2,LTE,-107,-15,-1.0,5,-90,1274,37,D,-109.0,-18.0,-8.491719,51.893905,960.40999999999997
2017.11.22_08.04.34,-8.505567,51.892653,3,A,2,LTE,-107,-15,-1.0,8,-88,2282,94,D,-109.0,-18.0,-8.491719,51.893905,960.40999999999997
2017.11.22_08.04.36,-8.505567,51.892653,3,A,2,LTE,-109,-15,-2.0,6,-92,1666,34,D,-110.0,-17.0,-8.491719,51.893905,960.40999999999997
2017.11.22_08.04.37,-8.505567,51.892653,3,A,2,LTE,-109,-15,-2.0,7,-,5256,131,D,-110.0,-17.0,-8.491719,51.893905,960.40999999999997
2017.11.22_08.04.38,-8.505567,51.892653,3,A,2,LTE,-103,-14,0.0,8,-85,178,3,D,-107.0,-17.0,-8.491719,51.893905,960.40999999999997
2017.11.22_08.04.39,-8.505567,51.892653,3,A,2,LTE,-103,-14,0.0,6,-89,0,0,D,-107.0,-17.0,-8.491719,51.893905,960.40999999999997
2017.11.22_08.04.40,-8.505567,51.892653,3,A,2,LTE,-105,-14,2.0,4,-92,223,10,D,-107.0,-18.0,-8.491719,51.893905,960.40999999999997
2017.11.22_08.04.41,-8.505567,51.892653,3,A,2,LTE,-105,-14,2.0,7,-90,1107,54,D,-107.0,-18.0,-8.491719,51.893905,960.40999999999997
2017.11.22_08.04.42,-8.505567,51.892653,3,A,0,LTE,-104,-15,-9.0,2,-87,2719,96,D,-107.0,-18.0,-8.504391,51.891686,134.44
2017.11.22_08.04.43,-8.505567,51.892653,3,A,0,LTE,-104,-15,-9.0,2,-87,6363,116,D,-104.0,-15.0,-8.504391,51.891686,134.44
2017.11.22_08.04.45,-8.505567,51.892653,3,A,0,LTE,-105,-16,-4.0,2,-87,6542,121,D,-107.0,-17.0,-8.504391,51.891686,134.44
2017.11.22_08.04.46,-8.505567,51.892653,3,A,0,LTE,-105,-16,-4.0,2,-87,8443,156,D,-107.0,-17.0,-8.504391,51.891686,134.44
2017.11.22_08.04.47,-8.505567,51.892653,3,A,0,LTE,-105,-16,-3.0,2,-87,8242,184,D,-108.0,-17.0,-8.504391,51.891686,134.44
2017.11.22_08.04.48,-8.505567,51.892653,3,A,0,LTE,-105,-16,-3.0,2,-87,6509,162,D,-108.0,-17.0,-8.504391,51.891686,134.44
2017.11.22_08.04.49,-8.505567,51.892653,3,A,0,LTE,-105,-16,-3.0,6,-90,5066,94,D,-107.0,-19.0,-8.504391,51.891686,134.44
2017.11.22_08.04.50,-8.505567,51.892653,3,A,0,LTE,-105,-16,-3.0,6,-90,3086,57,D,-107.0,-19.0,-8.504391,51.891686,134.44
2017.11.22_08.04.51,-8.505567,51.892653,3,A,0,LTE,-107,-17,-4.0,6,-90,3109,58,D,-107.0,-19.0,-8.504391,51.891686,134.44
2017.11.22_08.04.52,-8.505567,51.892653,3,A,0,LTE,-107,-17,-4.0,6,-90,1957,37,D,-107.0,-19.0,-8.504391,51.891686,134.44
2017.11.22_08.04.53,-8.505567,51.892653,3,A,0,LTE,-106,-15,-3.0,6,-90,1621,30,D,-106.0,-18.0,-8.504391,51.891686,134.44
2017.11.22_08.04.55,-8.505567,51.892653,3,A,0,LTE,-106,-15,-3.0,6,-90,4440,82,D,-106.0,-18.0,-8.504391,51.891686,134.44
2017.11.22_08.04.56,-8.505567,51.892653,3,A,0,LTE,-107,-17,-5.0,6,-90,6151,114,D,-107.0,-19.0,-8.504391,51.891686,134.44
2017.11.22_08.04.57,-8.505567,51.892653,3,A,0,LTE,-107,-17,-5.0,6,-,7828,235,D,-107.0,-19.0,-8.504391,51.891686,134.44
2017.11.22_08.04.58,-8.505567,51.892653,3,A,0,LTE,-108,-16,-4.0,6,-,1867,35,D,-109.0,-19.0,-8.504391,51.891686,134.44
2017.11.22_08.04.59,-8.505567,51.892653,3,A,0,LTE,-108,-16,-4.0,6,-,5335,136,D,-109.0,-19.0,-8.504391,51.891686,134.44
2017.11.22_08.05.00,-8.505567,51.892653,3,A,0,LTE,-108,-17,-4.0,6,-,3993,74,D,-109.0,-16.0,-8.504391,51.891686,134.44
2017.11.22_08.05.01,-8.505567,51.892653,3,A,0,LTE,-108,-17,-4.0,6,-,2796,54,D,-109.0,-16.0,-8.504391,51.891686,134.44
2017.11.22_08.05.02,-8.505567,51.892653,3,A,0,LTE,-107,-17,-5.0,6,-,6866,127,D,-108.0,-18.0,-8.504391,51.891686,134.44
2017.11.22_08.05.03,-8.505567,51.892653,3,A,0,LTE,-107,-17,-5.0,5,-92,2259,42,D,-108.0,-18.0,-8.504391,51.891686,134.44
2017.11.22_08.05.05,-8.505567,51.892653,3,A,0,LTE,-109,-16,-6.0,5,-92,2091,39,D,-108.0,-16.0,-8.504391,51.891686,134.44
2017.11.22_08.05.06,-8.505567,51.892653,3,A,0,LTE,-109,-16,-6.0,4,-94,369,16,D,-108.0,-16.0,-8.504391,51.891686,134.44
2017.11.22_08.05.07,-8.505567,51.892653,3,A,0,LTE,-111,-18,-8.0,4,-91,1599,42,D,-109.0,-18.0,-8.504391,51.891686,134.44
2017.11.22_08.05.08,-8.505567,51.892653,3,A,0,LTE,-111,-18,-8.0,4,-91,1901,36,D,-109.0,-18.0,-8.504391,51.891686,134.44
2017.11.22_08.05.09,-8.505567,51.892653,3,A,0,LTE,-110,-19,-9.0,4,-93,2013,37,D,-109.0,-17.0,-8.504391,51.891686,134.44
2017.11.22_08.05.10,-8.505567,51.892653,3,A,0,LTE,-110,-19,-9.0,4,-93,2393,63,D,-109.0,-17.0,-8.504391,51.891686,134.44
2017.11.22_08.05.11,-8.505567,51.892653,3,A,0,LTE,-109,-18,-7.0,4,-93,1308,30,D,-108.0,-17.0,-8.504391,51.891686,134.44
2017.11.22_08.05.12,-8.505567,51.892653,3,A,0,LTE,-109,-18,-7.0,4,-93,3769,111,D,-108.0,-17.0,-8.504391,51.891686,134.44
2017.11.22_08.05.14,-8.505567,51.892653,3,A,0,LTE,-109,-17,-7.0,4,-93,2203,41,D,-107.0,-18.0,-8.504391,51.891686,134.44
2017.11.22_08.05.15,-8.505567,51.892653,3,A,0,LTE,-109,-17,-7.0,4,-93,1319,40,D,-107.0,-18.0,-8.504391,51.891686,134.44
2017.11.22_08.05.16,-8.505567,51.892653,3,A,0,LTE,-109,-18,-7.0,4,-93,782,36,D,-108.0,-18.0,-8.504391,51.891686,134.44
2017.11.22_08.05.17,-8.505567,51.892653,3,A,0,LTE,-109,-18,-7.0,4,-93,2482,47,D,-108.0,-18.0,-8.504391,51.891686,134.44
2017.11.22_08.05.18,-8.505567,51.892653,3,A,0,LTE,-109,-19,-7.0,7,-88,1901,35,D,-108.0,-18.0,-8.504391,51.891686,134.44
2017.11.22_08.05.19,-8.505567,51.892653,3,A,0,LTE,-109,-19,-7.0,5,-92,1073,20,D,-108.0,-18.0,-8.504391,51.891686,134.44
2017.11.22_08.05.20,-8.505422,51.892676,4,A,0,LTE,-109,-19,-7.0,5,-92,1073,20,D,-108.0,-18.0,-8.504391,51.891686,130.86000000000001
2017.11.22_08.05.20,-8.505422,51.892676,4,A,2,LTE,-104,-13,-9.0,2,-87,2036,42,D,-108.0,-18.0,-8.491719,51.893905,950.20000000000005
2017.11.22_08.05.21,-8.505422,51.892676,4,A,2,LTE,-104,-13,-9.0,4,-93,2773,51,D,-,-,-8.491719,51.893905,950.20000000000005
2017.11.22_08.05.23,-8.505422,51.892676,4,A,2,LTE,-106,-14,-5.0,5,-89,1576,32,D,-106.0,-17.0,-8.491719,51.893905,950.20000000000005
2017.11.22_08.05.24,-8.505422,51.892676,4,A,2,LTE,-106,-14,-5.0,5,-89,726,29,D,-106.0,-17.0,-8.491719,51.893905,950.20000000000005
2017.11.22_08.05.25,-8.505422,51.892676,4,A,2,LTE,-111,-18,-6.0,4,-94,2214,45,D,-108.0,-17.0,-8.491719,51.893905,950.20000000000005
2017.11.22_08.05.26,-8.505422,51.892676,4,A,2,LTE,-111,-18,-6.0,6,-91,1878,35,D,-108.0,-17.0,-8.491719,51.893905,950.20000000000005
2017.11.22_08.05.27,-8.505422,51.892676,4,A,2,LTE,-106,-13,-3.0,6,-89,357,13,D,-111.0,-19.0,-8.491719,51.893905,950.20000000000005
2017.11.22_08.05.28,-8.505422,51.892676,4,A,2,LTE,-106,-13,-3.0,4,-93,1554,52,D,-111.0,-19.0,-8.491719,51.893905,950.20000000000005
2017.11.22_08.05.29,-8.50529,51.892634,3,A,2,LTE,-106,-13,-3.0,4,-93,1554,52,D,-111.0,-19.0,-8.491719,51.893905,941.92999999999995
2017.11.22_08.05.29,-8.50529,51.892634,3,A,2,LTE,-110,-17,-5.0,4,-93,1946,37,D,-,-,-8.491719,51.893905,941.92999999999995
2017.11.22_08.05.30,-8.50529,51.892634,3,A,2,LTE,-110,-17,-5.0,7,-88,1755,32,D,-,-,-8.491719,51.893905,941.92999999999995
2017.11.22_08.05.31,-8.50529,51.892634,3,A,2,LTE,-105,-14,-1.0,7,-88,1118,43,D,-,-,-8.491719,51.893905,941.92999999999995
2017.11.22_08.05.32,-8.50529,51.892634,3,A,2,LTE,-105,-14,-1.0,7,-92,1096,22,D,-,-,-8.491719,51.893905,941.92999999999995
2017.11.22_08.05.34,-8.50529,51.892634,3,A,2,LTE,-105,-14,0.0,7,-88,1498,39,D,-111.0,-18.0,-8.491719,51.893905,941.92999999999995
2017.11.22_08.05.35,-8.50529,51.892634,3,A,2,LTE,-105,-14,0.0,7,-88,1386,39,D,-111.0,-18.0,-8.491719,51.893905,941.92999999999995
2017.11.22_08.05.36,-8.50529,51.892634,3,A,2,LTE,-110,-15,-3.0,6,-93,234,7,D,-114.0,-19.0,-8.491719,51.893905,941.92999999999995
2017.11.22_08.05.37,-8.50529,51.892634,3,A,2,LTE,-110,-15,-3.0,6,-93,492,21,D,-114.0,-19.0,-8.491719,51.893905,941.92999999999995
2017.11.22_08.05.38,-8.505144,51.892627,2,A,2,LTE,-110,-15,-3.0,6,-93,492,21,D,-114.0,-19.0,-8.491719,51.893905,932.13999999999999
2017.11.22_08.05.38,-8.505144,51.892627,2,A,2,LTE,-110,-17,-5.0,6,-93,212,9,D,-111.0,-18.0,-8.491719,51.893905,932.13999999999999
2017.11.22_08.05.39,-8.505144,51.892627,2,A,2,LTE,-110,-17,-5.0,6,-93,1051,19,D,-111.0,-18.0,-8.491719,51.893905,932.13999999999999
2017.11.22_08.05.40,-8.505144,51.892627,2,A,2,LTE,-111,-17,-6.0,6,-93,1062,30,D,-112.0,-18.0,-8.491719,51.893905,932.13999999999999
2017.11.22_08.05.41,-8.505144,51.892627,2,A,2,LTE,-111,-17,-6.0,4,-94,179,7,D,-112.0,-18.0,-8.491719,51.893905,932.13999999999999
2017.11.22_08.05.43,-8.505144,51.892627,2,A,2,LTE,-113,-18,-7.0,4,-94,738,17,D,-111.0,-16.0,-8.491719,51.893905,932.13999999999999
2017.11.22_08.05.44,-8.505144,51.892627,2,A,2,LTE,-113,-18,-7.0,2,-94,782,19,D,-111.0,-16.0,-8.491719,51.893905,932.13999999999999
2017.11.22_08.05.45,-8.505144,51.892627,2,A,0,LTE,-106,-14,-11.0,2,-89,1912,42,D,-111.0,-16.0,-8.504391,51.891686,116.7
2017.11.22_08.05.46,-8.505144,51.892627,2,A,0,LTE,-106,-14,-11.0,8,-91,2538,69,D,-,-,-8.504391,51.891686,116.7
2017.11.22_08.05.47,-8.505144,51.892627,2,A,0,LTE,-109,-15,-2.0,8,-91,2851,53,D,-113.0,-18.0,-8.504391,51.891686,116.7
2017.11.22_08.05.48,-8.504969,51.892625,3,A,0,LTE,-109,-15,-2.0,8,-91,2851,53,D,-113.0,-18.0,-8.504391,51.891686,111.69
2017.11.22_08.05.48,-8.504969,51.892625,3,A,0,LTE,-109,-15,-2.0,8,-91,3824,71,D,-113.0,-18.0,-8.504391,51.891686,111.69
2017.11.22_08.05.49,-8.504969,51.892625,3,A,0,LTE,-110,-17,-6.0,8,-90,3243,60,D,-110.0,-18.0,-8.504391,51.891686,111.69
2017.11.22_08.05.50,-8.504969,51.892625,3,A,0,LTE,-110,-17,-6.0,8,-90,3601,66,D,-110.0,-18.0,-8.504391,51.891686,111.69
2017.11.22_08.05.52,-8.504969,51.892625,3,A,0,LTE,-107,-16,-5.0,8,-90,6274,116,D,-109.0,-18.0,-8.504391,51.891686,111.69
2017.11.22_08.05.53,-8.504969,51.892625,3,A,0,LTE,-107,-16,-5.0,8,-90,3399,63,D,-109.0,-18.0,-8.504391,51.891686,111.69
2017.11.22_08.05.54,-8.504969,51.892625,3,A,0,LTE,-106,-13,-3.0,4,-92,4205,76,D,-,-,-8.504391,51.891686,111.69
2017.11.22_08.05.54,-8.504824,51.892641,0,A,0,LTE,-106,-13,-3.0,4,-92,4205,76,D,-,-,-8.504391,51.891686,110.27
2017.11.22_08.05.55,-8.504824,51.892641,0,A,0,LTE,-106,-13,-2.0,4,-94,22,0,D,-,-,-8.504391,51.891686,110.27
2017.11.22_08.05.56,-8.504824,51.892641,0,A,8,LTE,-110,-20,-12.0,1,-94,111,5,D,-,-,-,-,-
2017.11.22_08.05.57,-8.504824,51.892641,0,A,8,LTE,-110,-20,-12.0,1,-94,134,7,D,-112.0,-17.0,-,-,-
2017.11.22_08.05.58,-8.504824,51.892641,0,A,6,LTE,-109,-19,-8.0,4,-92,581,33,D,-112.0,-17.0,-8.508651,51.902421,1118.74
2017.11.22_08.05.59,-8.504824,51.892641,0,A,6,LTE,-109,-19,-8.0,5,-92,335,19,D,-,-,-8.508651,51.902421,1118.74
2017.11.22_08.06.00,-8.504824,51.892641,0,A,6,LTE,-109,-18,-8.0,5,-92,358,21,D,-115.0,-18.0,-8.508651,51.902421,1118.74
2017.11.22_08.06.02,-8.504824,51.892641,0,A,6,LTE,-109,-18,-8.0,5,-92,380,21,D,-115.0,-18.0,-8.508651,51.902421,1118.74
2017.11.22_08.06.02,-8.50468,51.892619,3,A,6,LTE,-109,-18,-8.0,5,-92,380,21,D,-115.0,-18.0,-8.508651,51.902421,1123.47
2017.11.22_08.06.03,-8.50468,51.892619,3,A,6,LTE,-110,-18,-7.0,5,-92,268,14,D,-115.0,-16.0,-8.508651,51.902421,1123.47
2017.11.22_08.06.04,-8.50468,51.892619,3,A,6,LTE,-110,-18,-7.0,5,-92,794,45,D,-115.0,-16.0,-8.508651,51.902421,1123.47
2017.11.22_08.06.05,-8.50468,51.892619,3,A,6,LTE,-108,-18,-6.0,5,-92,682,39,D,-114.0,-16.0,-8.508651,51.902421,1123.47
2017.11.22_08.06.06,-8.50468,51.892619,3,A,6,LTE,-108,-18,-6.0,5,-92,346,19,D,-114.0,-16.0,-8.508651,51.902421,1123.47
2017.11.22_08.06.07,-8.50468,51.892619,3,A,6,LTE,-106,-17,-6.0,7,-89,1040,46,D,-113.0,-17.0,-8.508651,51.902421,1123.47
2017.11.22_08.06.08,-8.50468,51.892619,3,A,6,LTE,-106,-17,-6.0,7,-89,749,35,D,-113.0,-17.0,-8.508651,51.902421,1123.47
2017.11.22_08.06.09,-8.50468,51.892619,3,A,6,LTE,-108,-18,-5.0,6,-91,402,9,D,-112.0,-16.0,-8.508651,51.902421,1123.47
2017.11.22_08.06.10,-8.50468,51.892619,3,A,6,LTE,-108,-18,-5.0,6,-91,413,18,D,-112.0,-16.0,-8.508651,51.902421,1123.47
2017.11.22_08.06.11,-8.504523,51.892616,3,A,6,LTE,-108,-18,-5.0,5,-,413,18,D,-112.0,-16.0,-8.508651,51.902421,1126.46
2017.11.22_08.06.12,-8.504523,51.892616,3,A,6,LTE,-104,-19,-5.0,5,-,704,18,D,-109.0,-15.0,-8.508651,51.902421,1126.46
2017.11.22_08.06.13,-8.504523,51.892616,3,A,6,LTE,-104,-19,-5.0,5,-,592,12,D,-109.0,-15.0,-8.508651,51.902421,1126.46
2017.11.22_08.06.14,-8.504523,51.892616,3,A,6,LTE,-109,-18,-4.0,7,-92,704,32,D,-113.0,-17.0,-8.508651,51.902421,1126.46
2017.11.22_08.06.15,-8.504523,51.892616,3,A,6,LTE,-109,-18,-4.0,3,-90,279,12,D,-113.0,-17.0,-8.508651,51.902421,1126.46
2017.11.22_08.06.16,-8.504523,51.892616,3,A,6,LTE,-107,-18,-5.0,3,-90,704,17,D,-107.0,-20.0,-8.508651,51.902421,1126.46
2017.11.22_08.06.17,-8.504377,51.892611,4,A,6,LTE,-107,-18,-2.0,6,-81,704,17,D,-107.0,-20.0,-8.508651,51.902421,1129.5599999999999
2017.11.22_08.06.17,-8.504377,51.892611,4,A,6,LTE,-107,-18,-5.0,6,-81,2684,50,D,-107.0,-20.0,-8.508651,51.902421,1129.5599999999999
2017.11.22_08.06.18,-8.504377,51.892611,4,A,6,LTE,-98,-16,-2.0,7,-83,3153,58,D,-111.0,-18.0,-8.508651,51.902421,1129.5599999999999
2017.11.22_08.06.19,-8.504377,51.892611,4,A,6,LTE,-98,-16,-2.0,6,-85,648,13,D,-111.0,-18.0,-8.508651,51.902421,1129.5599999999999
2017.11.22_08.06.20,-8.504377,51.892611,4,A,6,LTE,-102,-16,4.0,7,-90,436,19,D,-110.0,-20.0,-8.508651,51.902421,1129.5599999999999
2017.11.22_08.06.21,-8.504377,51.892611,4,A,6,LTE,-102,-16,4.0,7,-90,726,15,D,-110.0,-20.0,-8.508651,51.902421,1129.5599999999999
2017.11.22_08.06.23,-8.504377,51.892611,4,A,6,LTE,-106,-17,-1.0,5,-91,212,4,D,-112.0,-16.0,-8.508651,51.902421,1129.5599999999999
2017.11.22_08.06.24,-8.504377,51.892611,4,A,6,LTE,-106,-17,-1.0,2,-83,447,19,D,-112.0,-16.0,-8.508651,51.902421,1129.5599999999999
2017.11.22_08.06.24,-8.504215,51.892608,3,A,6,LTE,-106,-17,-1.0,2,-83,447,19,D,-112.0,-16.0,-8.508651,51.902421,1132.8099999999999
2017.11.22_08.06.25,-8.504215,51.892608,3,A,6,LTE,-108,-17,-9.0,6,-92,738,17,D,-,-,-8.508651,51.902421,1132.8099999999999
2017.11.22_08.06.26,-8.504215,51.892608,3,A,6,LTE,-108,-17,-9.0,6,-88,984,19,D,-,-,-8.508651,51.902421,1132.8099999999999
2017.11.22_08.06.27,-8.504215,51.892608,3,A,6,LTE,-106,-17,-5.0,7,-91,671,13,D,-109.0,-16.0,-8.508651,51.902421,1132.8099999999999
2017.11.22_08.06.28,-8.504215,51.892608,3,A,6,LTE,-106,-17,-5.0,7,-89,581,22,D,-109.0,-16.0,-8.508651,51.902421,1132.8099999999999
2017.11.22_08.06.29,-8.504215,51.892608,3,A,6,LTE,-106,-18,-6.0,7,-89,391,8,D,-108.0,-19.0,-8.508651,51.902421,1132.8099999999999
2017.11.22_08.06.30,-8.504215,51.892608,3,A,6,LTE,-106,-18,-6.0,2,-84,1342,34,D,-108.0,-19.0,-8.508651,51.902421,1132.8099999999999
2017.11.22_08.06.31,-8.504215,51.892608,3,A,6,LTE,-101,-18,-3.0,6,-86,1733,32,D,-110.0,-15.0,-8.508651,51.902421,1132.8099999999999
2017.11.22_08.06.32,-8.504067,51.892611,0,A,6,LTE,-101,-18,-3.0,6,-86,1733,32,D,-110.0,-15.0,-8.508651,51.902421,1135.26
2017.11.22_08.06.32,-8.504067,51.892611,0,A,6,LTE,-101,-18,-3.0,7,-88,156,6,D,-110.0,-15.0,-8.508651,51.902421,1135.26
2017.11.22_08.06.34,-8.504067,51.892611,0,A,6,LTE,-106,-18,-4.0,6,-90,626,24,D,-108.0,-20.0,-8.508651,51.902421,1135.26
2017.11.22_08.06.35,-8.504067,51.892611,0,A,6,LTE,-106,-18,-4.0,8,-85,1051,19,D,-108.0,-20.0,-8.508651,51.902421,1135.26
2017.11.22_08.06.36,-8.504067,51.892611,0,A,6,LTE,-102,-16,-1.0,8,-85,1241,23,D,-111.0,-16.0,-8.508651,51.902421,1135.26
2017.11.22_08.06.37,-8.504067,51.892611,0,A,6,LTE,-102,-16,-1.0,4,-92,11,0,D,-111.0,-16.0,-8.508651,51.902421,1135.26
2017.11.22_08.06.38,-8.503903,51.892613,3,A,6,LTE,-102,-16,-1.0,4,-92,11,0,D,-111.0,-16.0,-8.508651,51.902421,1138.22
2017.11.22_08.06.38,-8.503903,51.892613,3,A,6,LTE,-109,-17,-4.0,4,-92,480,16,D,-112.0,-19.0,-8.508651,51.902421,1138.22
2017.11.22_08.06.39,-8.503903,51.892613,3,A,6,LTE,-109,-17,-4.0,6,-93,413,11,D,-112.0,-19.0,-8.508651,51.902421,1138.22
2017.11.22_08.06.40,-8.503903,51.892613,3,A,8,LTE,-109,-18,-9.0,5,-,738,17,D,-112.0,-19.0,-,-,-
2017.11.22_08.06.41,-8.503903,51.892613,3,A,8,LTE,-109,-18,-9.0,5,-,78,1,D,-,-,-,-,-
2017.11.22_08.06.42,-8.503903,51.892613,3,A,6,LTE,-100,-20,-4.0,5,-91,78,4,D,-,-,-8.508651,51.902421,1138.22
2017.11.22_08.06.44,-8.503903,51.892613,3,A,6,LTE,-100,-20,-4.0,5,-91,515,10,D,-107.0,-15.0,-8.508651,51.902421,1138.22
2017.11.22_08.06.45,-8.503903,51.892613,3,A,2,LTE,-107,-14,-7.0,6,-87,2896,54,D,-107.0,-15.0,-8.491719,51.893905,848.34000000000003
2017.11.22_08.06.46,-8.503903,51.892613,3,A,2,LTE,-107,-14,-7.0,8,-90,2751,50,D,-108.0,-14.0,-8.491719,51.893905,848.34000000000003
2017.11.22_08.06.47,-8.503747,51.892599,2,A,2,LTE,-107,-14,-7.0,8,-90,2538,54,D,-108.0,-14.0,-8.491719,51.893905,838.05999999999995
2017.11.22_08.06.47,-8.503747,51.892599,2,A,2,LTE,-106,-14,-1.0,8,-90,2538,54,D,-,-,-8.491719,51.893905,838.05999999999995
2017.11.22_08.06.48,-8.503747,51.892599,2,A,2,LTE,-106,-14,-1.0,8,-92,3601,66,D,-,-,-8.491719,51.893905,838.05999999999995
2017.11.22_08.06.49,-8.503747,51.892599,2,A,2,LTE,-108,-14,0.0,8,-,2057,39,D,-,-,-8.491719,51.893905,838.05999999999995
2017.11.22_08.06.50,-8.503747,51.892599,2,A,2,LTE,-108,-14,0.0,9,-90,2617,49,D,-,-,-8.491719,51.893905,838.05999999999995
2017.11.22_08.06.51,-8.503747,51.892599,2,A,2,LTE,-106,-14,0.0,9,-90,3690,69,D,-,-,-8.491719,51.893905,838.05999999999995
2017.11.22_08.06.52,-8.503747,51.892599,2,A,2,LTE,-106,-14,0.0,6,-84,5927,142,D,-,-,-8.491719,51.893905,838.05999999999995
2017.11.22_08.06.54,-8.503747,51.892599,2,A,2,LTE,-101,-13,-1.0,7,-,2337,47,D,-,-,-8.491719,51.893905,838.05999999999995
2017.11.22_08.06.55,-8.503747,51.892599,2,A,2,LTE,-101,-13,-1.0,7,-,5860,127,D,-,-,-8.491719,51.893905,838.05999999999995
2017.11.22_08.06.56,-8.503747,51.892599,2,A,2,LTE,-109,-14,-1.0,8,-92,3310,61,D,-110.0,-16.0,-8.491719,51.893905,838.05999999999995
2017.11.22_08.06.57,-8.503592,51.892597,1,A,2,LTE,-109,-14,0.0,9,-85,9193,170,D,-110.0,-16.0,-8.491719,51.893905,827.62
2017.11.22_08.06.57,-8.503592,51.892597,1,A,2,LTE,-109,-14,-1.0,9,-85,9193,170,D,-110.0,-16.0,-8.491719,51.893905,827.62
2017.11.22_08.06.58,-8.503592,51.892597,1,A,2,LTE,-102,-13,1.0,9,-85,12157,222,D,-,-,-8.491719,51.893905,827.62
2017.11.22_08.06.59,-8.503592,51.892597,1,A,2,LTE,-102,-13,1.0,7,-91,2337,43,D,-,-,-8.491719,51.893905,827.62
2017.11.22_08.07.00,-8.503592,51.892597,1,A,2,LTE,-104,-14,4.0,8,-89,3109,86,D,-,-,-8.491719,51.893905,827.62
2017.11.22_08.07.01,-8.503592,51.892597,1,A,2,LTE,-104,-14,4.0,8,-89,1767,32,D,-,-,-8.491719,51.893905,827.62
2017.11.22_08.07.02,-8.503592,51.892597,1,A,2,LTE,-105,-13,2.0,8,-91,3981,75,D,-,-,-8.491719,51.893905,827.62
2017.11.22_08.07.04,-8.503592,51.892597,1,A,2,LTE,-105,-13,2.0,9,-88,1822,33,D,-,-,-8.491719,51.893905,827.62
2017.11.22_08.07.05,-8.503592,51.892597,1,A,2,LTE,-106,-14,1.0,9,-88,4104,118,D,-113.0,-19.0,-8.491719,51.893905,827.62
2017.11.22_08.07.06,-8.503592,51.892597,1,A,2,LTE,-106,-14,1.0,9,-84,1576,29,D,-113.0,-19.0,-8.491719,51.893905,827.62
2017.11.22_08.07.07,-8.503592,51.892597,1,A,2,LTE,-108,-15,1.0,7,-91,1353,53,D,-108.0,-15.0,-8.491719,51.893905,827.62
2017.11.22_08.07.08,-8.503592,51.892597,1,A,2,LTE,-108,-15,1.0,7,-91,3679,68,D,-108.0,-15.0,-8.491719,51.893905,827.62
2017.11.22_08.07.09,-8.503502,51.892672,2,A,2,LTE,-108,-15,1.0,7,-91,3679,68,D,-108.0,-15.0,-8.491719,51.893905,820.11000000000001
2017.11.22_08.07.09,-8.503502,51.892672,2,A,2,LTE,-109,-16,-3.0,7,-89,1353,46,D,-106.0,-17.0,-8.491719,51.893905,820.11000000000001
2017.11.22_08.07.10,-8.503502,51.892672,2,A,2,LTE,-109,-16,-3.0,7,-89,2874,54,D,-106.0,-17.0,-8.491719,51.893905,820.11000000000001
2017.11.22_08.07.11,-8.503502,51.892672,2,A,2,LTE,-107,-14,-3.0,6,-,8041,148,D,-,-,-8.491719,51.893905,820.11000000000001
2017.11.22_08.07.12,-8.503502,51.892672,2,A,2,LTE,-107,-14,-3.0,6,-,3824,71,D,-,-,-8.491719,51.893905,820.11000000000001
2017.11.22_08.07.14,-8.503502,51.892672,2,A,2,LTE,-104,-14,-4.0,8,-87,9495,176,D,-,-,-8.491719,51.893905,820.11000000000001
2017.11.22_08.07.15,-8.503502,51.892672,2,A,2,LTE,-104,-14,-4.0,7,-,1722,51,D,-,-,-8.491719,51.893905,820.11000000000001
2017.11.22_08.07.16,-8.503362,51.892715,4,A,2,LTE,-104,-14,0.0,8,-,1722,51,D,-,-,-8.491719,51.893905,809.84000000000003
2017.11.22_08.07.16,-8.503362,51.892715,4,A,2,LTE,-103,-13,0.0,8,-,3623,67,D,-110.0,-19.0,-8.491719,51.893905,809.84000000000003
2017.11.22_08.07.17,-8.503362,51.892715,4,A,2,LTE,-103,-13,0.0,7,-88,8488,182,D,-110.0,-19.0,-8.491719,51.893905,809.84000000000003
2017.11.22_08.07.18,-8.503362,51.892715,4,A,2,LTE,-105,-14,0.0,7,-88,8119,149,D,-,-,-8.491719,51.893905,809.84000000000003
2017.11.22_08.07.19,-8.503362,51.892715,4,A,2,LTE,-105,-14,0.0,6,-91,4440,82,D,-,-,-8.491719,51.893905,809.84000000000003
2017.11.22_08.07.20,-8.503362,51.892715,4,A,2,LTE,-108,-16,-1.0,6,-91,9506,176,D,-,-,-8.491719,51.893905,809.84000000000003
2017.11.22_08.07.21,-8.503362,51.892715,4,A,2,LTE,-108,-16,-1.0,7,-88,8432,195,D,-,-,-8.491719,51.893905,809.84000000000003
2017.11.22_08.07.22,-8.503362,51.892715,4,A,2,LTE,-105,-15,-1.0,7,-88,5759,106,D,-,-,-8.491719,51.893905,809.84000000000003
2017.11.22_08.07.23,-8.503218,51.892768,3,A,2,LTE,-105,-15,-1.0,7,-88,5759,106,D,-,-,-8.491719,51.893905,799.13999999999999
2017.11.22_08.07.24,-8.503218,51.892768,3,A,2,LTE,-105,-15,-1.0,7,-88,3590,73,D,-,-,-8.491719,51.893905,799.13999999999999
2017.11.22_08.07.25,-8.503218,51.892768,3,A,2,LTE,-103,-13,1.0,8,-86,1274,40,D,-,-,-8.491719,51.893905,799.13999999999999
2017.11.22_08.07.26,-8.503218,51.892768,3,A,2,LTE,-103,-13,1.0,8,-86,8276,153,D,-,-,-8.491719,51.893905,799.13999999999999
2017.11.22_08.07.27,-8.503218,51.892768,3,A,2,LTE,-104,-13,2.0,6,-82,8074,150,D,-,-,-8.491719,51.893905,799.13999999999999
2017.11.22_08.07.28,-8.503071,51.892811,4,A,2,LTE,-104,-13,2.0,6,-82,8074,150,D,-,-,-8.491719,51.893905,788.42999999999995
2017.11.22_08.07.28,-8.503071,51.892811,4,A,2,LTE,-104,-13,2.0,8,-85,6128,114,D,-,-,-8.491719,51.893905,788.42999999999995
2017.11.22_08.07.29,-8.503071,51.892811,4,A,2,LTE,-102,-13,3.0,9,-79,3220,60,D,-,-,-8.491719,51.893905,788.42999999999995
2017.11.22_08.07.30,-8.503071,51.892811,4,A,2,LTE,-102,-13,3.0,7,-81,4205,81,D,-,-,-8.491719,51.893905,788.42999999999995
2017.11.22_08.07.31,-8.503071,51.892811,4,A,2,LTE,-98,-11,5.0,7,-85,4674,87,D,-,-,-8.491719,51.893905,788.42999999999995
2017.11.22_08.07.33,-8.502916,51.892851,4,A,2,LTE,-98,-11,5.0,7,-85,5122,95,D,-,-,-8.491719,51.893905,777.24000000000001
2017.11.22_08.07.33,-8.502916,51.892851,4,A,2,LTE,-98,-11,4.0,7,-83,5122,95,D,-,-,-8.491719,51.893905,777.24000000000001
2017.11.22_08.07.34,-8.502916,51.892851,4,A,2,LTE,-100,-14,4.0,7,-83,5066,98,D,-,-,-8.491719,51.893905,777.24000000000001
2017.11.22_08.07.35,-8.502916,51.892851,4,A,2,LTE,-100,-14,4.0,12,-77,10445,194,D,-,-,-8.491719,51.893905,777.24000000000001
2017.11.22_08.07.36,-8.502916,51.892851,4,A,2,LTE,-94,-12,6.0,11,-79,9730,180,D,-,-,-8.491719,51.893905,777.24000000000001
2017.11.22_08.07.37,-8.502916,51.892851,4,A,2,LTE,-94,-12,6.0,12,-76,23027,476,D,-,-,-8.491719,51.893905,777.24000000000001
2017.11.22_08.07.38,-8.502916,51.892851,4,A,2,LTE,-93,-11,9.0,12,-78,17100,328,D,-,-,-8.491719,51.893905,777.24000000000001
2017.11.22_08.07.39,-8.502795,51.892908,4,A,2,LTE,-93,-11,9.0,12,-78,17100,328,D,-,-,-8.491719,51.893905,768.09000000000003
2017.11.22_08.07.39,-8.502795,51.892908,4,A,2,LTE,-93,-11,9.0,12,-74,21887,403,D,-,-,-8.491719,51.893905,768.09000000000003
2017.11.22_08.07.40,-8.502795,51.892908,4,A,2,LTE,-91,-11,10.0,12,-78,11385,208,D,-,-,-8.491719,51.893905,768.09000000000003
2017.11.22_08.07.41,-8.502795,51.892908,4,A,2,LTE,-91,-11,10.0,9,-,24660,433,D,-,-,-8.491719,51.893905,768.09000000000003
2017.11.22_08.07.43,-8.502795,51.892908,4,A,2,LTE,-99,-12,8.0,9,-,15344,284,D,-,-,-8.491719,51.893905,768.09000000000003
2017.11.22_08.07.44,-8.502795,51.892908,4,A,2,LTE,-99,-12,8.0,12,-81,8701,157,D,-,-,-8.491719,51.893905,768.09000000000003
2017.11.22_08.07.45,-8.502795,51.892908,4,A,2,LTE,-98,-12,7.0,10,-78,24280,443,D,-,-,-8.491719,51.893905,768.09000000000003
2017.11.22_08.07.46,-8.502696,51.892977,3,A,2,LTE,-98,-12,7.0,10,-78,24280,443,D,-,-,-8.491719,51.893905,760.28999999999996
2017.11.22_08.07.46,-8.502696,51.892977,3,A,2,LTE,-98,-12,7.0,10,-78,23050,420,D,-,-,-8.491719,51.893905,760.28999999999996
2017.11.22_08.07.47,-8.502696,51.892977,3,A,2,LTE,-95,-11,9.0,10,-78,16116,402,D,-,-,-8.491719,51.893905,760.28999999999996
2017.11.22_08.07.48,-8.502696,51.892977,3,A,2,LTE,-95,-11,9.0,9,-81,14069,258,D,-,-,-8.491719,51.893905,760.28999999999996
2017.11.22_08.07.49,-8.502696,51.892977,3,A,2,LTE,-98,-13,8.0,9,-,8108,255,D,-,-,-8.491719,51.893905,760.28999999999996
2017.11.22_08.07.50,-8.502696,51.892977,3,A,2,LTE,-98,-13,8.0,9,-,16664,303,D,-,-,-8.491719,51.893905,760.28999999999996
2017.11.22_08.07.52,-8.502696,51.892977,3,A,2,LTE,-95,-12,4.0,9,-,3220,130,D,-,-,-8.491719,51.893905,760.28999999999996
2017.11.22_08.07.53,-8.502696,51.892977,3,A,2,LTE,-95,-12,4.0,8,-81,10278,195,D,-,-,-8.491719,51.893905,760.28999999999996
2017.11.22_08.07.53,-8.502572,51.893036,3,A,2,LTE,-95,-12,4.0,8,-81,10278,195,D,-,-,-8.491719,51.893905,750.99000000000001
2017.11.22_08.07.54,-8.502572,51.893036,3,A,2,LTE,-101,-13,4.0,9,-84,2084,41,D,-,-,-8.491719,51.893905,750.99000000000001
2017.11.22_08.07.55,-8.502572,51.893036,3,A,2,LTE,-101,-13,4.0,9,-86,5211,96,D,-,-,-8.491719,51.893905,750.99000000000001
2017.11.22_08.07.56,-8.502572,51.893036,3,A,2,LTE,-103,-14,3.0,9,-86,6363,181,D,-,-,-8.491719,51.893905,750.99000000000001
2017.11.22_08.07.57,-8.502572,51.893036,3,A,2,LTE,-103,-14,3.0,9,-83,7113,131,D,-,-,-8.491719,51.893905,750.99000000000001
2017.11.22_08.07.58,-8.502572,51.893036,3,A,2,LTE,-99,-13,3.0,6,-85,9640,155,D,-,-,-8.491719,51.893905,750.99000000000001
2017.11.22_08.07.59,-8.502572,51.893036,3,A,2,LTE,-99,-13,3.0,6,-83,13074,242,D,-,-,-8.491719,51.893905,750.99000000000001
2017.11.22_08.08.00,-8.502439,51.893083,3,A,2,LTE,-99,-13,3.0,6,-83,13074,242,D,-,-,-8.491719,51.893905,741.27999999999997
2017.11.22_08.08.01,-8.502439,51.893083,3,A,2,LTE,-100,-13,3.0,8,-87,15333,284,D,-,-,-8.491719,51.893905,741.27999999999997
2017.11.22_08.08.02,-8.502439,51.893083,3,A,2,LTE,-100,-13,3.0,8,-87,18285,339,D,-,-,-8.491719,51.893905,741.27999999999997
2017.11.22_08.08.03,-8.502439,51.893083,3,A,2,LTE,-103,-13,1.0,8,-87,7593,138,D,-,-,-8.491719,51.893905,741.27999999999997
2017.11.22_08.08.04,-8.502439,51.893083,3,A,2,LTE,-103,-13,1.0,7,-89,559,23,D,-,-,-8.491719,51.893905,741.27999999999997
2017.11.22_08.08.05,-8.502439,51.893083,3,A,2,LTE,-107,-15,0.0,7,-89,6855,165,D,-110.0,-19.0,-8.491719,51.893905,741.27999999999997
2017.11.22_08.08.06,-8.502439,51.893083,3,A,2,LTE,-107,-15,0.0,8,-87,9651,179,D,-110.0,-19.0,-8.491719,51.893905,741.27999999999997
2017.11.22_08.08.07,-8.502439,51.893083,3,A,2,LTE,-104,-14,0.0,8,-87,15221,282,D,-110.0,-17.0,-8.491719,51.893905,741.27999999999997
2017.11.22_08.08.08,-8.502294,51.893121,3,A,2,LTE,-104,-14,0.0,8,-87,15221,282,D,-110.0,-17.0,-8.491719,51.893905,730.88999999999999
2017.11.22_08.08.08,-8.502294,51.893121,3,A,2,LTE,-104,-14,0.0,8,-87,3936,73,D,-110.0,-17.0,-8.491719,51.893905,730.88999999999999
2017.11.22_08.08.09,-8.502294,51.893121,3,A,2,LTE,-105,-14,1.0,8,-87,2516,119,D,-111.0,-20.0,-8.491719,51.893905,730.88999999999999
2017.11.22_08.08.11,-8.502294,51.893121,3,A,2,LTE,-105,-14,1.0,8,-87,9763,181,D,-111.0,-20.0,-8.491719,51.893905,730.88999999999999
2017.11.22_08.08.12,-8.502294,51.893121,3,A,2,LTE,-102,-14,0.0,6,-85,13409,249,D,-,-,-8.491719,51.893905,730.88999999999999
2017.11.22_08.08.13,-8.502294,51.893121,3,A,2,LTE,-102,-14,0.0,6,-85,14170,257,D,-,-,-8.491719,51.893905,730.88999999999999
2017.11.22_08.08.14,-8.502294,51.893121,3,A,2,LTE,-101,-14,-2.0,6,-85,1688,71,D,-106.0,-19.0,-8.491719,51.893905,730.88999999999999
2017.11.22_08.08.15,-8.502294,51.893121,3,A,2,LTE,-101,-14,-2.0,6,-85,15534,288,D,-106.0,-19.0,-8.491719,51.893905,730.88999999999999
2017.11.22_08.08.16,-8.502136,51.893136,3,A,2,LTE,-101,-14,3.0,7,-82,15534,288,D,-106.0,-19.0,-8.491719,51.893905,719.91999999999996
2017.11.22_08.08.16,-8.502136,51.893136,3,A,2,LTE,-101,-14,0.0,7,-82,21327,419,D,-,-,-8.491719,51.893905,719.91999999999996
2017.11.22_08.08.17,-8.502136,51.893136,3,A,2,LTE,-101,-14,0.0,7,-82,10926,202,D,-,-,-8.491719,51.893905,719.91999999999996
2017.11.22_08.08.19,-8.502136,51.893136,3,A,2,LTE,-100,-13,3.0,7,-82,10759,200,D,-,-,-8.491719,51.893905,719.91999999999996
2017.11.22_08.08.20,-8.502136,51.893136,3,A,2,LTE,-100,-13,3.0,7,-82,3200,63,D,-,-,-8.491719,51.893905,719.91999999999996
2017.11.22_08.08.21,-8.502136,51.893136,3,A,2,LTE,-99,-14,3.0,7,-82,11819,227,D,-,-,-8.491719,51.893905,719.91999999999996
2017.11.22_08.08.22,-8.502136,51.893136,3,A,2,LTE,-99,-14,3.0,5,-88,12224,225,D,-,-,-8.491719,51.893905,719.91999999999996
2017.11.22_08.08.23,-8.502136,51.893136,3,A,2,LTE,-105,-14,3.0,6,-85,12772,235,D,-,-,-8.491719,51.893905,719.91999999999996
2017.11.22_08.08.24,-8.502136,51.893136,3,A,2,LTE,-105,-14,3.0,6,-85,7437,136,D,-,-,-8.491719,51.893905,719.91999999999996
2017.11.22_08.08.25,-8.502136,51.893136,3,A,2,LTE,-103,-13,4.0,6,-85,27154,493,D,-,-,-8.491719,51.893905,719.91999999999996
2017.11.22_08.08.26,-8.502136,51.893136,3,A,2,LTE,-103,-13,4.0,6,-85,7940,150,D,-,-,-8.491719,51.893905,719.91999999999996
2017.11.22_08.08.27,-8.501937,51.893101,3,A,2,LTE,-103,-13,4.0,6,-85,7940,150,D,-,-,-8.491719,51.893905,706.85000000000002
2017.11.22_08.08.27,-8.501937,51.893101,3,A,2,LTE,-103,-14,6.0,6,-85,21708,471,D,-,-,-8.491719,51.893905,706.85000000000002
2017.11.22_08.08.28,-8.501937,51.893101,3,A,2,LTE,-103,-14,6.0,6,-85,20108,362,D,-,-,-8.491719,51.893905,706.85000000000002
2017.11.22_08.08.29,-8.501937,51.893101,3,A,2,LTE,-102,-13,6.0,8,-81,5032,165,D,-,-,-8.491719,51.893905,706.85000000000002
2017.11.22_08.08.31,-8.501937,51.893101,3,A,2,LTE,-102,-13,6.0,8,-81,13588,248,D,-,-,-8.491719,51.893905,706.85000000000002
2017.11.22_08.08.32,-8.501937,51.893101,3,A,2,LTE,-104,-13,-1.0,8,-86,33,1,D,-,-,-8.491719,51.893905,706.85000000000002
2017.11.22_08.08.33,-8.5018,51.893057,4,A,2,LTE,-104,-13,-1.0,8,-86,5183,189,D,-,-,-8.491719,51.893905,698.16999999999996
2017.11.22_08.08.33,-8.5018,51.893057,4,A,2,LTE,-104,-13,-1.0,8,-86,5183,189,D,-,-,-8.491719,51.893905,698.16999999999996
2017.11.22_08.08.34,-8.5018,51.893057,4,A,2,LTE,-104,-13,1.0,8,-86,3970,73,D,-,-,-8.491719,51.893905,698.16999999999996
2017.11.22_08.08.35,-8.5018,51.893057,4,A,2,LTE,-104,-13,1.0,8,-86,6632,123,D,-,-,-8.491719,51.893905,698.16999999999996
2017.11.22_08.08.36,-8.5018,51.893057,4,A,2,LTE,-104,-14,4.0,7,-83,13946,257,D,-,-,-8.491719,51.893905,698.16999999999996
2017.11.22_08.08.37,-8.5018,51.893057,4,A,2,LTE,-104,-14,4.0,7,-83,15299,279,D,-,-,-8.491719,51.893905,698.16999999999996
2017.11.22_08.08.38,-8.5018,51.893057,4,A,2,LTE,-99,-12,5.0,7,-85,15523,278,D,-,-,-8.491719,51.893905,698.16999999999996
2017.11.22_08.08.40,-8.5018,51.893057,4,A,2,LTE,-99,-12,5.0,8,-83,10546,192,D,-,-,-8.491719,51.893905,698.16999999999996
2017.11.22_08.08.40,-8.501665,51.893012,2,A,2,LTE,-99,-12,5.0,8,-83,10546,192,D,-,-,-8.491719,51.893905,689.69000000000005
2017.11.22_08.08.41,-8.501665,51.893012,2,A,2,LTE,-101,-12,4.0,11,-85,19124,346,D,-,-,-8.491719,51.893905,689.69000000000005
2017.11.22_08.08.42,-8.501665,51.893012,2,A,2,LTE,-101,-12,4.0,11,-85,17827,334,D,-,-,-8.491719,51.893905,689.69000000000005
2017.11.22_08.08.43,-8.501665,51.893012,2,A,2,LTE,-102,-13,4.0,11,-85,13006,244,D,-,-,-8.491719,51.893905,689.69000000000005
2017.11.22_08.08.44,-8.501665,51.893012,2,A,2,LTE,-102,-13,4.0,11,-85,6521,119,D,-,-,-8.491719,51.893905,689.69000000000005
2017.11.22_08.08.45,-8.501665,51.893012,2,A,2,LTE,-101,-13,5.0,11,-85,22960,414,D,-,-,-8.491719,51.893905,689.69000000000005
2017.11.22_08.08.46,-8.501665,51.893012,2,A,2,LTE,-101,-13,5.0,11,-85,19918,419,D,-,-,-8.491719,51.893905,689.69000000000005
2017.11.22_08.08.47,-8.501665,51.893012,2,A,2,LTE,-102,-13,5.0,6,-88,21372,388,D,-,-,-8.491719,51.893905,689.69000000000005
2017.11.22_08.08.48,-8.501665,51.893012,2,A,2,LTE,-102,-13,5.0,9,-90,15981,292,D,-,-,-8.491719,51.893905,689.69000000000005
2017.11.22_08.08.49,-8.501537,51.892962,3,A,2,LTE,-102,-13,3.0,10,-86,15981,292,D,-,-,-8.491719,51.893905,681.83000000000004
2017.11.22_08.08.49,-8.501537,51.892962,3,A,2,LTE,-107,-14,2.0,10,-86,2013,50,D,-,-,-8.491719,51.893905,681.83000000000004
2017.11.22_08.08.51,-8.501537,51.892962,3,A,2,LTE,-107,-14,2.0,8,-88,1386,64,D,-,-,-8.491719,51.893905,681.83000000000004
2017.11.22_08.08.52,-8.501537,51.892962,3,A,2,LTE,-105,-13,3.0,8,-88,6990,128,D,-,-,-8.491719,51.893905,681.83000000000004
2017.11.22_08.08.53,-8.501537,51.892962,3,A,2,LTE,-105,-13,3.0,7,-86,10334,188,D,-,-,-8.491719,51.893905,681.83000000000004
2017.11.22_08.08.54,-8.501537,51.892962,3,A,2,LTE,-103,-13,2.0,7,-88,3086,56,D,-,-,-8.491719,51.893905,681.83000000000004
2017.11.22_08.08.55,-8.501537,51.892962,3,A,2,LTE,-103,-13,3.0,7,-85,3086,56,D,-,-,-8.491719,51.893905,681.83000000000004
